dataset,relation,mean_degree,n_nodes,n_edges,model,norm,init,seed,layers,auc,auprc,mad,mad_random,train_time_s,boot_auc_mean,boot_auc_std,boot_auprc_mean,boot_auprc_std,f1@90,prec@90,rec@90,f1@99,prec@99,rec@99,f1@99.9,prec@99.9,rec@99.9
yelp,net_rur,2.15,45954,98630,GCN,none,default,1,2,0.8547948972218494,0.5413031091282795,6.2137841538856264e-09,0.13559740781784058,2.4,0.85561311811227,0.004637134527064135,0.5429113001677873,0.012467903749369676,0.4769503546099291,0.5847826086956521,0.4026946107784431,0.11204481792717087,0.8695652173913043,0.059880239520958084,0.014858841010401188,1.0,0.0074850299401197605
yelp,net_rur,2.15,45954,98630,GCN,none,default,2,2,0.8624440909423515,0.5380008659219697,4.541873988017642e-09,0.14047835767269135,2.1,0.8621763802956594,0.004610487937819028,0.5365009401920348,0.01453642997948465,0.4725177304964539,0.5793478260869566,0.39895209580838326,0.10644257703081232,0.8260869565217391,0.05688622754491018,0.01188707280832095,0.8,0.005988023952095809
yelp,net_rur,2.15,45954,98630,GCN,none,default,3,2,0.8489435493829043,0.5313859875359503,2.0116568411054914e-09,0.1600627601146698,2.1,0.8491775260618364,0.004994961819320863,0.5336838573131117,0.012035240806398208,0.4654255319148936,0.5706521739130435,0.3929640718562874,0.10784313725490197,0.8369565217391305,0.05763473053892216,0.014858841010401188,1.0,0.0074850299401197605
yelp,net_rur,2.15,45954,98630,GCN,layer,default,1,2,0.8880496390111833,0.605993809000105,5.191564511619617e-09,0.38202914595603943,2.3,0.8887518476619788,0.003872754282163599,0.6077167858668272,0.012438290814735815,0.5230496453900709,0.6413043478260869,0.4416167664670659,0.11764705882352941,0.9130434782608695,0.06287425149700598,0.014858841010401188,1.0,0.0074850299401197605
yelp,net_rur,2.15,45954,98630,GCN,layer,default,2,2,0.8897115710025977,0.5989219592201193,2.253055519929603e-09,0.337623655796051,2.3,0.8894878796153393,0.003962213363093234,0.5966912841998091,0.01519780612028748,0.5186170212765957,0.6358695652173914,0.437874251497006,0.11624649859943978,0.9021739130434783,0.06212574850299401,0.014858841010401188,1.0,0.0074850299401197605
yelp,net_rur,2.15,45954,98630,GCN,layer,default,3,2,0.8777217078063831,0.586000606000343,2.7537345737016494e-09,0.3778718113899231,2.3,0.877774347550487,0.004330702599272874,0.5875274335710453,0.011869308013319946,0.5053191489361702,0.6195652173913043,0.42664670658682635,0.11764705882352941,0.9130434782608695,0.06287425149700598,0.014858841010401188,1.0,0.0074850299401197605
yelp,net_rur,2.15,45954,98630,GCN,graph,default,1,2,0.8939614406624633,0.6379502082243426,2.0831822933331523e-09,0.5025539994239807,3.8,0.8945755833377046,0.004206793432553275,0.6391065794444177,0.012664593583189356,0.5629432624113475,0.6902173913043478,0.4752994011976048,0.1092436974789916,0.8478260869565217,0.058383233532934134,0.014858841010401188,1.0,0.0074850299401197605
yelp,net_rur,2.15,45954,98630,GCN,graph,default,2,2,0.8990985379038257,0.6603821690885874,6.207823588511019e-09,0.43513405323028564,3.8,0.8988429318633949,0.004153416975201684,0.6575442619004868,0.01465442029081906,0.5691489361702128,0.6978260869565217,0.4805389221556886,0.12184873949579832,0.9456521739130435,0.06511976047904192,0.014858841010401188,1.0,0.0074850299401197605
yelp,net_rur,2.15,45954,98630,GCN,graph,default,3,2,0.8859828713245607,0.6189897401517755,-5.394220625731805e-10,0.4445856511592865,3.8,0.8859013567019943,0.004256711173551929,0.6208046502526314,0.012537556151011145,0.5443262411347518,0.6673913043478261,0.4595808383233533,0.11484593837535013,0.8913043478260869,0.061377245508982034,0.014858841010401188,1.0,0.0074850299401197605
yelp,net_rur,2.15,45954,98630,GAT,none,default,1,2,0.8671118017275022,0.5525419456431337,4.3064356525235326e-09,0.1872776448726654,3.8,0.8679491490761623,0.004365232224730612,0.5542950119627628,0.01250404758332987,0.47074468085106386,0.5771739130434783,0.39745508982035926,0.11484593837535013,0.8913043478260869,0.061377245508982034,0.014858841010401188,1.0,0.0074850299401197605
yelp,net_rur,2.15,45954,98630,GAT,none,default,2,2,0.8706068800535386,0.5432201901096383,5.337596142851453e-09,0.15644514560699463,3.8,0.8703514512271923,0.004364739266570422,0.5414978984402593,0.014551966522947248,0.4716312056737589,0.5782608695652174,0.39820359281437123,0.10504201680672269,0.8152173913043478,0.0561377245508982,0.01188707280832095,0.8,0.005988023952095809
yelp,net_rur,2.15,45954,98630,GAT,none,default,3,2,0.8571141036409868,0.5372774467240644,3.123283409678379e-09,0.1321900188922882,3.8,0.8573570255227331,0.0046830381287532846,0.5393044239755468,0.011694455041788147,0.46365248226950356,0.5684782608695652,0.39146706586826346,0.11204481792717087,0.8695652173913043,0.059880239520958084,0.014858841010401188,1.0,0.0074850299401197605
yelp,net_rur,2.15,45954,98630,GAT,layer,default,1,2,0.8597447734368331,0.5340731879665501,4.354119287341973e-09,0.21502798795700073,4.0,0.8604550950976197,0.004615000489167506,0.5354610639495229,0.01272766828530589,0.45656028368794327,0.5597826086956522,0.38547904191616766,0.1092436974789916,0.8478260869565217,0.058383233532934134,0.014858841010401188,1.0,0.0074850299401197605
yelp,net_rur,2.15,45954,98630,GAT,layer,default,2,2,0.8771841500298793,0.5586982301553782,3.3140181709967464e-09,0.2455519437789917,4.0,0.8768806230556966,0.004110084656743225,0.5572833324631274,0.01477177371010322,0.48226950354609927,0.591304347826087,0.40718562874251496,0.10784313725490197,0.8369565217391305,0.05763473053892216,0.014858841010401188,1.0,0.0074850299401197605
yelp,net_rur,2.15,45954,98630,GAT,layer,default,3,2,0.867456278888252,0.5528531674456945,7.748603841895019e-11,0.24287642538547516,4.0,0.8675684213364534,0.004244575874048093,0.5549459200418156,0.011280486778107342,0.4778368794326241,0.5858695652173913,0.40344311377245506,0.11484593837535013,0.8913043478260869,0.061377245508982034,0.01337295690936107,0.9,0.006736526946107785
yelp,net_rur,2.15,45954,98630,GAT,graph,default,1,2,0.8806960925399709,0.5995413046534225,4.315376500585444e-09,0.6234456300735474,5.5,0.8813810598049743,0.004469602393499878,0.6008404100214404,0.013304945575466473,0.5310283687943262,0.6510869565217391,0.44835329341317365,0.1092436974789916,0.8478260869565217,0.058383233532934134,0.014858841010401188,1.0,0.0074850299401197605
yelp,net_rur,2.15,45954,98630,GAT,graph,default,2,2,0.8893414640931985,0.6188517054917859,2.6404858299855505e-09,0.5854236483573914,5.5,0.8890752823863863,0.004249302472479888,0.6162177904769985,0.014148182762510675,0.5274822695035462,0.6467391304347826,0.4453592814371258,0.11764705882352941,0.9130434782608695,0.06287425149700598,0.014858841010401188,1.0,0.0074850299401197605
yelp,net_rur,2.15,45954,98630,GAT,graph,default,3,2,0.8759139530257205,0.5938384598872879,6.234645688607543e-09,0.5030290484428406,5.5,0.876009110448776,0.004338338319523205,0.5958909406993448,0.012451280856097013,0.5186170212765957,0.6358695652173914,0.437874251497006,0.1134453781512605,0.8804347826086957,0.06062874251497006,0.014858841010401188,1.0,0.0074850299401197605
yelp,net_rur,2.15,45954,98630,SAGE,none,default,1,2,0.8760105171530665,0.5614592465187782,0.01518996711820364,0.2542542517185211,1.5,0.8765326138431909,0.00448844559564101,0.5630542923114388,0.013005020840171917,0.4929078014184397,0.6043478260869565,0.4161676646706587,0.1134453781512605,0.8804347826086957,0.06062874251497006,0.01188707280832095,0.8,0.005988023952095809
yelp,net_rur,2.15,45954,98630,SAGE,none,default,2,2,0.888916000737832,0.6001485391353427,0.014933984726667404,0.25774624943733215,1.5,0.8888120215941447,0.0043549087054035734,0.598018641744511,0.014147369761775526,0.5106382978723404,0.6260869565217392,0.4311377245508982,0.11624649859943978,0.9021739130434783,0.06212574850299401,0.014858841010401188,1.0,0.0074850299401197605
yelp,net_rur,2.15,45954,98630,SAGE,none,default,3,2,0.8664357575582032,0.5469073139869185,0.013885285705327988,0.2329210489988327,1.5,0.86657167913354,0.004297437718631485,0.5488366387956942,0.011849118539701062,0.46897163120567376,0.575,0.39595808383233533,0.11484593837535013,0.8913043478260869,0.061377245508982034,0.01337295690936107,0.9,0.006736526946107785
yelp,net_rur,2.15,45954,98630,SAGE,layer,default,1,2,0.8960122969437905,0.6125760384577936,0.04850301146507263,0.40609925985336304,1.7,0.8966566974928899,0.003968166701269841,0.6141373486412306,0.012626987830043655,0.5416666666666666,0.6641304347826087,0.4573353293413174,0.10644257703081232,0.8260869565217391,0.05688622754491018,0.014858841010401188,1.0,0.0074850299401197605
yelp,net_rur,2.15,45954,98630,SAGE,layer,default,2,2,0.9068654950790883,0.6562587448122879,0.060688432306051254,0.41796448826789856,1.7,0.9066152935271802,0.0039319337331596834,0.6534041472910367,0.014072979179367395,0.5762411347517731,0.7065217391304348,0.4865269461077844,0.12044817927170869,0.9347826086956522,0.06437125748502993,0.014858841010401188,1.0,0.0074850299401197605
yelp,net_rur,2.15,45954,98630,SAGE,layer,default,3,2,0.8869191193732697,0.6004334508912736,0.05211674049496651,0.36564183235168457,1.8,0.8868817029137053,0.003824847061395909,0.6019713944751071,0.011834932535345956,0.524822695035461,0.6434782608695652,0.4431137724550898,0.12184873949579832,0.9456521739130435,0.06511976047904192,0.014858841010401188,1.0,0.0074850299401197605
yelp,net_rur,2.15,45954,98630,SAGE,graph,default,1,2,0.9055437051050649,0.6437617133463724,0.1040775403380394,0.46326929330825806,3.2,0.9061898847089326,0.004128269658511719,0.6457334288352028,0.013470213316200526,0.5540780141843972,0.6793478260869565,0.46781437125748504,0.11484593837535013,0.8913043478260869,0.061377245508982034,0.01337295690936107,0.9,0.006736526946107785
yelp,net_rur,2.15,45954,98630,SAGE,graph,default,2,2,0.9085952649182287,0.6688990108367412,0.09717157483100891,0.4695928990840912,3.2,0.908305181523852,0.0038519730397275657,0.66632788414024,0.01356111591179093,0.5726950354609929,0.7021739130434783,0.48353293413173654,0.12464985994397759,0.967391304347826,0.06661676646706587,0.014858841010401188,1.0,0.0074850299401197605
yelp,net_rur,2.15,45954,98630,SAGE,graph,default,3,2,0.8946666398618242,0.6288052134756876,0.0870107039809227,0.47334519028663635,3.2,0.8947233821404251,0.0037018039619046528,0.630858777225179,0.012175768292770837,0.5390070921985816,0.6608695652173913,0.4550898203592814,0.11904761904761904,0.9239130434782609,0.06362275449101797,0.014858841010401188,1.0,0.0074850299401197605
yelp,net_rtr,24.96,45954,1147232,GCN,none,default,1,2,0.5706172462864496,0.18585221677112723,0.00021083929459564388,0.011748872697353363,11.1,0.5709333326127891,0.008673508203747383,0.1872136567971228,0.008689259232681115,0.1675531914893617,0.20543478260869566,0.14146706586826346,0.046218487394957986,0.358695652173913,0.02470059880239521,0.004457652303120356,0.3,0.002245508982035928
yelp,net_rtr,24.96,45954,1147232,GCN,none,default,2,2,0.5629793906331939,0.18579285315049,0.00027749326545745134,0.014621146023273468,11.2,0.5625131349940236,0.008435643397614581,0.18458478505769085,0.007255640099962382,0.17279574656623836,0.21172638436482086,0.14595808383233533,0.04058782365290413,0.3118279569892473,0.021706586826347306,0.010401188707280832,0.7,0.005239520958083832
yelp,net_rtr,24.96,45954,1147232,GCN,none,default,3,2,0.6014337795894972,0.2164726348074766,0.0003049698716495186,0.015184683725237846,11.2,0.6024199491630567,0.007543739012556519,0.2180981048089533,0.008876110026430628,0.21631205673758866,0.26521739130434785,0.18263473053892215,0.05182072829131653,0.40217391304347827,0.027694610778443114,0.007429420505200594,0.5,0.0037425149700598802
yelp,net_rtr,24.96,45954,1147232,GCN,layer,default,1,2,0.5849844354061734,0.19975239195267894,0.0004606467846315354,0.025122148916125298,11.4,0.5850687632356107,0.008654374451701122,0.20116028488642482,0.009512533913081257,0.1896322552060257,0.23235613463626492,0.1601796407185629,0.05042016806722689,0.391304347826087,0.02694610778443114,0.005943536404160475,0.4,0.0029940119760479044
yelp,net_rtr,24.96,45954,1147232,GCN,layer,default,2,2,0.5894624003012305,0.20541109777515146,0.0007431760895997286,0.040098026394844055,11.4,0.5885243070912365,0.008572704945157246,0.20421068213106316,0.008562380226928954,0.19414893617021275,0.23804347826086958,0.16392215568862276,0.056022408963585436,0.43478260869565216,0.029940119760479042,0.008915304606240713,0.6,0.004491017964071856
yelp,net_rtr,24.96,45954,1147232,GCN,layer,default,3,2,0.6121220517214045,0.23384995656079027,0.0006637620972469449,0.03445816412568092,11.4,0.6125800909846263,0.007206632829569666,0.23511095571658672,0.010181555650046751,0.2429078014184397,0.29782608695652174,0.20508982035928144,0.06022408963585434,0.4673913043478261,0.03218562874251497,0.007429420505200594,0.5,0.0037425149700598802
yelp,net_rtr,24.96,45954,1147232,GCN,graph,default,1,2,0.6209140559258266,0.23587757664607698,0.021172914654016495,0.42659828066825867,12.9,0.6211123338662526,0.007745451493596408,0.2378300463212453,0.011032993393631892,0.24113475177304963,0.2956521739130435,0.20359281437125748,0.06162464985994398,0.4782608695652174,0.03293413173652695,0.005943536404160475,0.4,0.0029940119760479044
yelp,net_rtr,24.96,45954,1147232,GCN,graph,default,2,2,0.6214177900563436,0.23712917051970692,0.020044801756739616,0.3905857801437378,12.9,0.6208982012378452,0.009562737681844673,0.23655520756816217,0.010552988233519491,0.23393885688967656,0.28664495114006516,0.19760479041916168,0.06997900629811056,0.5376344086021505,0.0374251497005988,0.007429420505200594,0.5,0.0037425149700598802
yelp,net_rtr,24.96,45954,1147232,GCN,graph,default,3,2,0.6431886894490042,0.2590556225950394,0.017124198377132416,0.3805494010448456,13.0,0.6437411240405355,0.00785043234699693,0.2612970573954052,0.010963535458753237,0.25443262411347517,0.3119565217391304,0.2148203592814371,0.07703081232492998,0.5978260869565217,0.04116766467065868,0.008915304606240713,0.6,0.004491017964071856
yelp,net_rtr,24.96,45954,1147232,GAT,none,default,1,2,0.5854603960358306,0.19803403791488491,0.0003129902761429548,0.016173845157027245,19.6,0.585400576049429,0.008001654979073873,0.19916412734057753,0.008892634257446656,0.19680851063829788,0.24130434782608695,0.1661676646706587,0.04481792717086835,0.34782608695652173,0.023952095808383235,0.004457652303120356,0.3,0.002245508982035928
yelp,net_rtr,24.96,45954,1147232,GAT,none,default,2,2,0.5682998977858946,0.1908900124254577,0.0002763864176813513,0.015875745564699173,19.7,0.5675029365536438,0.008354987011955192,0.18962248238366058,0.007622759921260594,0.1824623560673162,0.22342733188720174,0.15419161676646706,0.04201680672268908,0.32608695652173914,0.02245508982035928,0.008915304606240713,0.6,0.004491017964071856
yelp,net_rtr,24.96,45954,1147232,GAT,none,default,3,2,0.6040795032897545,0.21957201671854076,0.00019827876531053334,0.011707588098943233,19.8,0.60447274030903,0.007329054548337625,0.22079498109888435,0.00955677077441748,0.22153300841825432,0.2714440825190011,0.18712574850299402,0.049019607843137254,0.3804347826086957,0.02619760479041916,0.007429420505200594,0.5,0.0037425149700598802
yelp,net_rtr,24.96,45954,1147232,GAT,layer,default,1,2,0.5837103320090979,0.19862553910917585,0.00046008452773094177,0.024806339293718338,20.0,0.5837544337624131,0.007979507951027077,0.20002883504436744,0.00911436048382108,0.19309123117803365,0.23644251626898047,0.1631736526946108,0.05182072829131653,0.40217391304347827,0.027694610778443114,0.0029717682020802376,0.2,0.0014970059880239522
yelp,net_rtr,24.96,45954,1147232,GAT,layer,default,2,2,0.5960626322456919,0.20924984484030987,0.0006881636800244451,0.039219629019498825,20.0,0.5949373423316141,0.008766148336327557,0.2079329211998559,0.008591828014961483,0.19743249225320939,0.24160346695557963,0.16691616766467066,0.055944055944055944,0.425531914893617,0.029940119760479042,0.008915304606240713,0.6,0.004491017964071856
yelp,net_rtr,24.96,45954,1147232,GAT,layer,default,3,2,0.5989591749545715,0.21632077652965623,0.0003449447685852647,0.02056679129600525,20.0,0.5992582522267556,0.007258676118435151,0.2178754746149377,0.010020390555430258,0.21453900709219859,0.26304347826086955,0.18113772455089822,0.05182072829131653,0.40217391304347827,0.027694610778443114,0.007429420505200594,0.5,0.0037425149700598802
yelp,net_rtr,24.96,45954,1147232,GAT,graph,default,1,2,0.6146646847598083,0.2232305412322793,0.017254335805773735,0.49226802587509155,21.5,0.6146012154058298,0.007505769679243763,0.22450291730891903,0.010218318112004205,0.22340425531914893,0.27391304347826084,0.18862275449101795,0.05458362491252624,0.41935483870967744,0.029191616766467067,0.004454342984409799,0.2727272727272727,0.002245508982035928
yelp,net_rtr,24.96,45954,1147232,GAT,graph,default,2,2,0.6152142475486908,0.23304211126307514,0.015614163130521774,0.48170968890190125,21.4,0.6142038983731577,0.00981222137986258,0.23209097885688487,0.009959811978380001,0.22684980062029242,0.2779587404994571,0.19161676646706588,0.06442577030812324,0.5,0.0344311377245509,0.007429420505200594,0.5,0.0037425149700598802
yelp,net_rtr,24.96,45954,1147232,GAT,graph,default,3,2,0.6419687515244461,0.2472599981355167,0.012529721483588219,0.3957407772541046,21.5,0.6433555524255838,0.008080246815426606,0.24979450710071177,0.010638962958395348,0.2329495128432241,0.28524945770065074,0.1968562874251497,0.07142857142857142,0.5543478260869565,0.03817365269461078,0.013343217197924388,0.6923076923076923,0.006736526946107785
yelp,net_rtr,24.96,45954,1147232,SAGE,none,default,1,2,0.8141026691525299,0.4700567769326992,0.10826800763607025,0.12069121748209,5.4,0.8142203276998246,0.0056715190060740595,0.4698630806311327,0.012887470706736575,0.4317375886524823,0.5293478260869565,0.36452095808383234,0.10084033613445378,0.782608695652174,0.05389221556886228,0.01337295690936107,0.9,0.006736526946107785
yelp,net_rtr,24.96,45954,1147232,SAGE,none,default,2,2,0.8327043405551422,0.5153449830721049,0.12207469344139099,0.1384924054145813,5.4,0.8327300155143815,0.0054049847289988455,0.5153305560184269,0.014524625569874295,0.4583333333333333,0.5619565217391305,0.3869760479041916,0.1092436974789916,0.8478260869565217,0.058383233532934134,0.01337295690936107,0.9,0.006736526946107785
yelp,net_rtr,24.96,45954,1147232,SAGE,none,default,3,2,0.8121992077454052,0.47776995153994617,0.09552141278982162,0.10889126360416412,5.4,0.8128025911099915,0.005496789804800143,0.48014225307857494,0.012067048038458063,0.42907801418439717,0.5260869565217391,0.36227544910179643,0.1092436974789916,0.8478260869565217,0.058383233532934134,0.014858841010401188,1.0,0.0074850299401197605
yelp,net_rtr,24.96,45954,1147232,SAGE,layer,default,1,2,0.837444081414564,0.5377696690016027,0.2041739970445633,0.24807263910770416,5.6,0.8374037011082329,0.005179204634337391,0.5375826661320897,0.012821214958462987,0.48936170212765956,0.6,0.41317365269461076,0.11204481792717087,0.8695652173913043,0.059880239520958084,0.014858841010401188,1.0,0.0074850299401197605
yelp,net_rtr,24.96,45954,1147232,SAGE,layer,default,2,2,0.8469355205068478,0.5549631947115655,0.2114126980304718,0.2721269428730011,5.6,0.8470500137664662,0.004877294311234954,0.5543165297127329,0.0143645159602153,0.48936170212765956,0.6,0.41317365269461076,0.11764705882352941,0.9130434782608695,0.06287425149700598,0.014858841010401188,1.0,0.0074850299401197605
yelp,net_rtr,24.96,45954,1147232,SAGE,layer,default,3,2,0.8407904786150713,0.5478805503069486,0.1744839996099472,0.22045090794563293,5.7,0.8410636063382632,0.005244955337885297,0.5493421007209907,0.01297835470665552,0.48404255319148937,0.5934782608695652,0.4086826347305389,0.11764705882352941,0.9130434782608695,0.06287425149700598,0.014858841010401188,1.0,0.0074850299401197605
yelp,net_rtr,24.96,45954,1147232,SAGE,graph,default,1,2,0.8550267082942059,0.5827785924281731,0.33468496799468994,0.4284824728965759,7.2,0.855094700934308,0.005400591201924606,0.5828078935004679,0.012971448823222107,0.5230496453900709,0.6413043478260869,0.4416167664670659,0.11624649859943978,0.9021739130434783,0.06212574850299401,0.014858841010401188,1.0,0.0074850299401197605
yelp,net_rtr,24.96,45954,1147232,SAGE,graph,default,2,2,0.8620414466382916,0.6029210415116272,0.331238329410553,0.41633135080337524,7.2,0.8618726442555265,0.00478153766330437,0.6022756302699206,0.014665026194790511,0.5319148936170213,0.6521739130434783,0.4491017964071856,0.12044817927170869,0.9347826086956522,0.06437125748502993,0.01337295690936107,0.9,0.006736526946107785
yelp,net_rtr,24.96,45954,1147232,SAGE,graph,default,3,2,0.851855288913009,0.5879090533898318,0.2945074141025543,0.37642669677734375,7.1,0.8517526601113375,0.005484415428350197,0.5897345442482517,0.013321131856978256,0.5230496453900709,0.6413043478260869,0.4416167664670659,0.12044817927170869,0.9347826086956522,0.06437125748502993,0.014858841010401188,1.0,0.0074850299401197605
yelp,net_rsr,148.09,45954,6805486,GCN,none,default,1,2,0.5844661237606255,0.23823361446013114,1.8984078753447875e-09,0.006738563068211079,59.0,0.5844521864840317,0.0071671556944562734,0.23962306117595222,0.010028854106484719,0.2276923076923077,0.27582534611288606,0.19386227544910178,0.0925414364640884,0.5982142857142857,0.050149700598802395,0.010393466963622866,0.6363636363636364,0.005239520958083832
yelp,net_rsr,148.09,45954,6805486,GCN,none,default,2,2,0.5854069451473835,0.2299157016233634,-3.361702027859792e-09,0.008532388135790825,59.0,0.5836719194600319,0.00885986812097126,0.22797630829480856,0.011056702416869752,0.22096069868995633,0.26519916142557654,0.18937125748502995,0.08916323731138547,0.5327868852459017,0.048652694610778445,0.010385756676557863,0.5833333333333334,0.005239520958083832
yelp,net_rsr,148.09,45954,6805486,GCN,none,default,3,2,0.5900592685555569,0.2390416906481423,9.73343805554805e-09,0.008642141707241535,59.1,0.5909855695014252,0.009103166813342185,0.24079084544432106,0.012108504868461416,0.23305272485600353,0.28555917480998916,0.1968562874251497,0.09027777777777778,0.625,0.048652694610778445,0.010401188707280832,0.7,0.005239520958083832
yelp,net_rsr,148.09,45954,6805486,GCN,layer,default,1,2,0.6004551805248972,0.24754954421765094,1.941323368725989e-08,0.027367061004042625,59.5,0.6008400674059141,0.0076699070601156955,0.24894680220403193,0.011072357758990554,0.24379432624113476,0.29891304347826086,0.2058383233532934,0.08876560332871013,0.6037735849056604,0.04790419161676647,0.013353115727002967,0.75,0.006736526946107785
yelp,net_rsr,148.09,45954,6805486,GCN,layer,default,2,2,0.6128224870269644,0.2590621440113584,9.47415834673393e-09,0.039849087595939636,59.4,0.610239959128102,0.008933498202124149,0.2564349574837065,0.011894826127702063,0.2555066079295154,0.31049250535331907,0.21706586826347304,0.0937062937062937,0.7127659574468085,0.050149700598802395,0.01337295690936107,0.9,0.006736526946107785
yelp,net_rsr,148.09,45954,6805486,GCN,layer,default,3,2,0.6068212670890398,0.2518471264240172,1.5389918672781278e-08,0.03368638828396797,59.5,0.6078231464347426,0.008759881530561927,0.2532146812859476,0.012334187703021148,0.24645390070921985,0.30217391304347824,0.20808383233532934,0.08403361344537816,0.6521739130434783,0.04491017964071856,0.01337295690936107,0.9,0.006736526946107785
yelp,net_rsr,148.09,45954,6805486,GCN,graph,default,1,2,0.6310027920228789,0.26767524074223176,1.1533498600613257e-09,0.4647376537322998,60.9,0.6310321001656422,0.007782792492550811,0.2695578749001875,0.011716842345355442,0.26713843432109685,0.3264864864864865,0.22604790419161677,0.0784313725490196,0.6086956521739131,0.041916167664670656,0.01337295690936107,0.9,0.006736526946107785
yelp,net_rsr,148.09,45954,6805486,GCN,graph,default,2,2,0.6415064632699976,0.2906743372485514,4.249811169643181e-09,0.4130161702632904,60.9,0.6393990652892029,0.009560487943375566,0.28769292663356394,0.012951660827707129,0.2813321647677476,0.339323467230444,0.2402694610778443,0.09663865546218488,0.75,0.051646706586826345,0.017804154302670624,1.0,0.008982035928143712
yelp,net_rsr,148.09,45954,6805486,GCN,graph,default,3,2,0.6388690287449541,0.27997093282469787,1.2537837434933863e-08,0.41694384813308716,60.9,0.639070133911552,0.008711297156253107,0.2807740357013841,0.012602504623711005,0.26532399299474607,0.31962025316455694,0.22679640718562874,0.08817354793561931,0.6774193548387096,0.04715568862275449,0.013343217197924388,0.6923076923076923,0.006736526946107785
yelp,net_rsr,148.09,45954,6805486,GAT,none,default,1,2,0.5837546362214472,0.22172234169015922,6.833672738792984e-09,0.008177000097930431,108.2,0.58483933519259,0.0075882709939300175,0.22391800340918333,0.01016233970579926,0.22566371681415928,0.275974025974026,0.19086826347305388,0.0489853044086774,0.3763440860215054,0.02619760479041916,0.016320474777448073,0.9166666666666666,0.008233532934131737
yelp,net_rsr,148.09,45954,6805486,GAT,none,default,2,2,0.5891998621138578,0.23325945491903946,2.479553229406406e-09,0.009533329866826534,108.2,0.5871138214894944,0.0091852930451029,0.23165579440958112,0.011275236838775602,0.23019034971226207,0.28169014084507044,0.19461077844311378,0.08743927827897294,0.6,0.04715568862275449,0.014847809948032665,0.9090909090909091,0.0074850299401197605
yelp,net_rsr,148.09,45954,6805486,GAT,none,default,3,2,0.5823379971218459,0.23696622386165078,-6.43730180271973e-10,0.0072172400541603565,108.1,0.583125053082556,0.008583832960739115,0.23852651804002728,0.011752034519090616,0.22310756972111553,0.27302275189599134,0.18862275449101795,0.09046624913013222,0.6435643564356436,0.048652694610778445,0.02074074074074074,1.0,0.010479041916167664
yelp,net_rsr,148.09,45954,6805486,GAT,layer,default,1,2,0.586657848381648,0.23331568425050603,3.0487776747634143e-09,0.018531201407313347,109.3,0.5873290883572222,0.007516672014925543,0.2349305480312014,0.010322797747216535,0.22606382978723405,0.27717391304347827,0.19086826347305388,0.08066759388038942,0.5686274509803921,0.04341317365269461,0.014847809948032665,0.9090909090909091,0.0074850299401197605
yelp,net_rsr,148.09,45954,6805486,GAT,layer,default,2,2,0.6135941901837872,0.2546030066935381,4.521012453295725e-09,0.037264399230480194,109.4,0.6113578114041595,0.0095415585984347,0.2524715273460323,0.012041294160966502,0.25386996904024767,0.31027027027027027,0.2148203592814371,0.08257522743177047,0.6344086021505376,0.04416167664670659,0.01630837657524092,0.8461538461538461,0.008233532934131737
yelp,net_rsr,148.09,45954,6805486,GAT,layer,default,3,2,0.6012450817560397,0.2397435286213846,3.18288795320143e-09,0.017421726137399673,109.4,0.6025268813233619,0.008570718306793068,0.2413865430105844,0.011905312031761036,0.2349290780141844,0.28804347826086957,0.19835329341317365,0.07654836464857341,0.5445544554455446,0.04116766467065868,0.016332590942835932,1.0,0.008233532934131737
yelp,net_rsr,148.09,45954,6805486,GAT,graph,default,1,2,0.6227079477755284,0.2609741574660282,4.875659875835936e-09,0.4797704219818115,110.9,0.6226066898657443,0.007326396526178639,0.26284014399095157,0.011410119007471426,0.2473404255319149,0.3032608695652174,0.2088323353293413,0.08397480755773268,0.6451612903225806,0.04491017964071856,0.01337295690936107,0.9,0.006736526946107785
yelp,net_rsr,148.09,45954,6805486,GAT,graph,default,2,2,0.6315655984365282,0.28756589906545044,4.351139171188123e-10,0.49128344655036926,110.9,0.6290515479665213,0.009029565932839134,0.28452211674075967,0.012533723645248827,0.2608311229000884,0.3185745140388769,0.22080838323353294,0.09776536312849161,0.7291666666666666,0.05239520958083832,0.014858841010401188,1.0,0.0074850299401197605
yelp,net_rsr,148.09,45954,6805486,GAT,graph,default,3,2,0.6268702094283938,0.2761674780408016,1.287460360543946e-09,0.41342052817344666,110.9,0.6269590267763001,0.008886780960784988,0.2768692550282908,0.012355312268641836,0.273972602739726,0.3344120819848975,0.23203592814371257,0.0893854748603352,0.6666666666666666,0.04790419161676647,0.01630837657524092,0.8461538461538461,0.008233532934131737
yelp,net_rsr,148.09,45954,6805486,SAGE,none,default,1,2,0.8146770994670536,0.47431322619973015,0.09625370800495148,0.11190688610076904,25.2,0.8148251286464082,0.005692525609334912,0.4741598251612819,0.012892833772512975,0.43439716312056736,0.532608695652174,0.36676646706586824,0.10084033613445378,0.782608695652174,0.05389221556886228,0.014858841010401188,1.0,0.0074850299401197605
yelp,net_rsr,148.09,45954,6805486,SAGE,none,default,2,2,0.8322077999042647,0.5121623161279787,0.10972917824983597,0.12837961316108704,25.2,0.8320223353892641,0.005537189006237072,0.5119211180393349,0.014391413563377843,0.4592198581560284,0.5630434782608695,0.38772455089820357,0.1134453781512605,0.8804347826086957,0.06062874251497006,0.01337295690936107,0.9,0.006736526946107785
yelp,net_rsr,148.09,45954,6805486,SAGE,none,default,3,2,0.80259576950986,0.4635277100462377,0.08350532501935959,0.09691806882619858,25.2,0.8034235210215982,0.005612860039833223,0.46613676182734565,0.012843892212487528,0.42021276595744683,0.5152173913043478,0.35479041916167664,0.10504201680672269,0.8152173913043478,0.0561377245508982,0.01337295690936107,0.9,0.006736526946107785
yelp,net_rsr,148.09,45954,6805486,SAGE,layer,default,1,2,0.8486049794504678,0.559778284244568,0.1979825496673584,0.242121160030365,25.4,0.8485646015212132,0.005151316381428864,0.5599488353009203,0.012889961747032275,0.4973404255319149,0.6097826086956522,0.4199101796407186,0.1134453781512605,0.8804347826086957,0.06062874251497006,0.014858841010401188,1.0,0.0074850299401197605
yelp,net_rsr,148.09,45954,6805486,SAGE,layer,default,2,2,0.8522212512348012,0.5798431398712556,0.22037936747074127,0.27767395973205566,25.4,0.8523268912035433,0.005498115962362416,0.5794681082760147,0.01509305236334454,0.5088652482269503,0.6239130434782608,0.4296407185628742,0.12044817927170869,0.9347826086956522,0.06437125748502993,0.014858841010401188,1.0,0.0074850299401197605
yelp,net_rsr,148.09,45954,6805486,SAGE,layer,default,3,2,0.8445388055355684,0.5641537620644412,0.17693167924880981,0.22033683955669403,25.4,0.8448464555611627,0.005540862316194453,0.5662269978108666,0.014347122786764104,0.5035460992907801,0.6173913043478261,0.4251497005988024,0.11764705882352941,0.9130434782608695,0.06287425149700598,0.014858841010401188,1.0,0.0074850299401197605
yelp,net_rsr,148.09,45954,6805486,SAGE,graph,default,1,2,0.8707184980852958,0.625869134807588,0.316250205039978,0.4134652018547058,26.8,0.8709269233875012,0.005134370276076486,0.6265081526331714,0.012082113497974497,0.5372340425531915,0.658695652173913,0.4535928143712575,0.12324929971988796,0.9565217391304348,0.0658682634730539,0.014858841010401188,1.0,0.0074850299401197605
yelp,net_rsr,148.09,45954,6805486,SAGE,graph,default,2,2,0.8772374103625743,0.6514664898513868,0.3259662091732025,0.4152296483516693,26.9,0.8768922889372301,0.005152229483912127,0.6509704846525907,0.01364385134175676,0.5718085106382979,0.7010869565217391,0.48278443113772457,0.12745098039215685,0.9891304347826086,0.06811377245508982,0.014858841010401188,1.0,0.0074850299401197605
yelp,net_rsr,148.09,45954,6805486,SAGE,graph,default,3,2,0.8661783167371977,0.6300591569811116,0.2782020568847656,0.36444297432899475,26.9,0.8660509085982886,0.0050197624363866634,0.6312274008769267,0.013437673412288706,0.5558510638297872,0.6815217391304348,0.469311377245509,0.12745098039215685,0.9891304347826086,0.06811377245508982,0.014858841010401188,1.0,0.0074850299401197605
yelp,homo,167.43,45954,7693958,GCN,none,default,1,2,0.5850590379830969,0.1927573984101948,6.090816168580204e-05,0.00573135819286108,66.8,0.5857557125738582,0.00708958509869474,0.19357238592934642,0.007542275953393128,0.20301418439716312,0.24891304347826088,0.17140718562874252,0.0350140056022409,0.2717391304347826,0.0187125748502994,0.0014858841010401188,0.1,0.0007485029940119761
yelp,homo,167.43,45954,7693958,GCN,none,default,2,2,0.5772150010061343,0.19486491658509988,8.031143806874752e-05,0.006784978788346052,66.5,0.5755481881670825,0.009080514115637374,0.19438502678653866,0.00857047049146928,0.2154255319148936,0.26413043478260867,0.18188622754491018,0.037815126050420166,0.29347826086956524,0.020209580838323353,0.0029717682020802376,0.2,0.0014970059880239522
yelp,homo,167.43,45954,7693958,GCN,none,default,3,2,0.5880329939662426,0.19397121379065357,8.949657785706222e-05,0.006858903914690018,66.5,0.5872511020307712,0.008577682527533582,0.1947712423422886,0.007545123247066682,0.20035460992907803,0.24565217391304348,0.1691616766467066,0.037815126050420166,0.29347826086956524,0.020209580838323353,0.0,0.0,0.0
yelp,homo,167.43,45954,7693958,GCN,layer,default,1,2,0.5909153879105333,0.23032054614326086,0.0002106555039063096,0.017092423513531685,66.9,0.5917365158386759,0.007462806040142184,0.23195720387367125,0.0108408342698989,0.2349290780141844,0.28804347826086957,0.19835329341317365,0.06857942617214835,0.5268817204301075,0.036676646706586824,0.01188707280832095,0.8,0.005988023952095809
yelp,homo,167.43,45954,7693958,GCN,layer,default,2,2,0.6072114776302792,0.24102058028320453,0.00042505463352426887,0.03129764646291733,67.0,0.605220714202424,0.008985132616645491,0.23904578183349293,0.011022454473653293,0.2429078014184397,0.29782608695652174,0.20508982035928144,0.0741777466759972,0.5698924731182796,0.03967065868263473,0.01188707280832095,0.8,0.005988023952095809
yelp,homo,167.43,45954,7693958,GCN,layer,default,3,2,0.6051669096887691,0.24307191976828826,0.0003127132949884981,0.021643241867423058,66.9,0.6048006285349029,0.00857296881727013,0.24444390562400398,0.01171941299529036,0.2473404255319149,0.3032608695652174,0.2088323353293413,0.06442577030812324,0.5,0.0344311377245509,0.014858841010401188,1.0,0.0074850299401197605
yelp,homo,167.43,45954,7693958,GCN,graph,default,1,2,0.6349782613998073,0.2683620954894257,0.017952606081962585,0.42895007133483887,68.5,0.6347969869625092,0.007627589882049339,0.2697289696167807,0.011705362507272441,0.25975177304964536,0.3184782608695652,0.21931137724550898,0.07703081232492998,0.5978260869565217,0.04116766467065868,0.01188707280832095,0.8,0.005988023952095809
yelp,homo,167.43,45954,7693958,GCN,graph,default,2,2,0.6422716398923131,0.28504075235131243,0.019368868321180344,0.39960822463035583,68.5,0.6403272061910844,0.009458440269546136,0.28229339789505037,0.012841841457780783,0.26684397163120566,0.32717391304347826,0.2252994011976048,0.09803921568627451,0.7608695652173914,0.05239520958083832,0.014858841010401188,1.0,0.0074850299401197605
yelp,homo,167.43,45954,7693958,GCN,graph,default,3,2,0.640975003277559,0.28318115984754155,0.015949059277772903,0.38819509744644165,68.4,0.6403554162465102,0.007912748102503657,0.28431979237538924,0.01253270684017058,0.2695035460992908,0.33043478260869563,0.2275449101796407,0.09103641456582633,0.7065217391304348,0.048652694610778445,0.014858841010401188,1.0,0.0074850299401197605
yelp,homo,167.43,45954,7693958,GAT,none,default,1,2,0.5652288536470846,0.21078513249831696,7.343142351601273e-05,0.006569627206772566,122.3,0.5664171403914722,0.007341770750335563,0.21262436661706552,0.009662598143854683,0.20833333333333334,0.2554347826086957,0.17589820359281438,0.047619047619047616,0.3695652173913043,0.025449101796407185,0.014858841010401188,1.0,0.0074850299401197605
yelp,homo,167.43,45954,7693958,GAT,none,default,2,2,0.5607313091485053,0.20530013584315635,8.109895134111866e-05,0.0076163047924637794,122.3,0.5589224178614185,0.008094524833395133,0.20414091520796845,0.008835558056343224,0.18971631205673758,0.2326086956521739,0.1601796407185629,0.07282913165266107,0.5652173913043478,0.038922155688622756,0.01337295690936107,0.9,0.006736526946107785
yelp,homo,167.43,45954,7693958,GAT,none,default,3,2,0.5685574815237142,0.21844381420157416,6.693441537208855e-05,0.005888703744858503,122.3,0.5693714276310122,0.008014476564579088,0.22023948683981515,0.010337538935802724,0.20735489587948605,0.254071661237785,0.1751497005988024,0.08123249299719888,0.6304347826086957,0.04341317365269461,0.014858841010401188,1.0,0.0074850299401197605
yelp,homo,167.43,45954,7693958,GAT,layer,default,1,2,0.5621350857348439,0.2094234871486681,0.0001484664244344458,0.01273916196078062,123.5,0.5632002544150967,0.00797436409794442,0.21152413559176572,0.009902703919983087,0.18085106382978725,0.2217391304347826,0.15269461077844312,0.07983193277310924,0.6195652173913043,0.04266467065868264,0.01188707280832095,0.8,0.005988023952095809
yelp,homo,167.43,45954,7693958,GAT,layer,default,2,2,0.5901244386227545,0.2219472157906589,0.0003303071134723723,0.026772957295179367,123.5,0.5882986936189797,0.009216515415603303,0.2205048473846548,0.009577211782000019,0.21453900709219859,0.26304347826086955,0.18113772455089822,0.0742296918767507,0.5760869565217391,0.03967065868263473,0.01337295690936107,0.9,0.006736526946107785
yelp,homo,167.43,45954,7693958,GAT,layer,default,3,2,0.5766947361641279,0.2204420058078509,0.00012961062020622194,0.01126275584101677,123.4,0.5773355858847635,0.007513399357411981,0.22202160078055097,0.0104917310910814,0.20301418439716312,0.24891304347826088,0.17140718562874252,0.07282913165266107,0.5652173913043478,0.038922155688622756,0.014858841010401188,1.0,0.0074850299401197605
yelp,homo,167.43,45954,7693958,GAT,graph,default,1,2,0.617595289309365,0.2560936172974103,0.012426327913999557,0.4914102554321289,124.9,0.6177366952338437,0.007384771982085941,0.2576716481726088,0.011276570532756415,0.2473404255319149,0.3032608695652174,0.2088323353293413,0.0784313725490196,0.6086956521739131,0.041916167664670656,0.01337295690936107,0.9,0.006736526946107785
yelp,homo,167.43,45954,7693958,GAT,graph,default,2,2,0.6256734716666464,0.27365217021534133,0.010827155783772469,0.4774457514286041,124.9,0.6234237395553128,0.009117366215811117,0.2709577256178379,0.011974386913448268,0.2632978723404255,0.32282608695652176,0.22230538922155688,0.09103641456582633,0.7065217391304348,0.048652694610778445,0.014858841010401188,1.0,0.0074850299401197605
yelp,homo,167.43,45954,7693958,GAT,graph,default,3,2,0.6296625181409076,0.27708234587129343,0.008946075104176998,0.40018919110298157,124.9,0.629877750201538,0.008514670852544225,0.27849924996601755,0.01192981129333333,0.2632978723404255,0.32282608695652176,0.22230538922155688,0.0896358543417367,0.6956521739130435,0.04790419161676647,0.01337295690936107,0.9,0.006736526946107785
yelp,homo,167.43,45954,7693958,SAGE,none,default,1,2,0.8110285761216873,0.46452448715262973,0.09401189535856247,0.10692087560892105,28.4,0.8112714038137147,0.0057158276135086585,0.46461803375334587,0.012983232425590943,0.425531914893617,0.5217391304347826,0.3592814371257485,0.10224089635854341,0.7934782608695652,0.05464071856287425,0.01188707280832095,0.8,0.005988023952095809
yelp,homo,167.43,45954,7693958,SAGE,none,default,2,2,0.8304848900721977,0.5070147350013521,0.10667839646339417,0.12262358516454697,28.4,0.8303976903996048,0.005449780530837666,0.5069004178859188,0.014096229483855234,0.45567375886524825,0.558695652173913,0.3847305389221557,0.1092436974789916,0.8478260869565217,0.058383233532934134,0.01337295690936107,0.9,0.006736526946107785
yelp,homo,167.43,45954,7693958,SAGE,none,default,3,2,0.8070796416332305,0.4697523567751256,0.08361409604549408,0.09550990164279938,28.4,0.807963636729927,0.005539889860216093,0.4724499028658072,0.012578350664303833,0.424645390070922,0.5206521739130435,0.35853293413173654,0.1092436974789916,0.8478260869565217,0.058383233532934134,0.01337295690936107,0.9,0.006736526946107785
yelp,homo,167.43,45954,7693958,SAGE,layer,default,1,2,0.8458734580228545,0.5547942394538149,0.20000919699668884,0.24001964926719666,28.6,0.8458534802538967,0.005141946119937236,0.5548957454184822,0.012872914585848567,0.499113475177305,0.6119565217391304,0.4214071856287425,0.1134453781512605,0.8804347826086957,0.06062874251497006,0.014858841010401188,1.0,0.0074850299401197605
yelp,homo,167.43,45954,7693958,SAGE,layer,default,2,2,0.8525622031141382,0.5811529903791193,0.21096931397914886,0.26330116391181946,28.6,0.8525352114859021,0.005371510366240666,0.5804305389706418,0.014230426009110477,0.5070921985815603,0.6217391304347826,0.4281437125748503,0.12184873949579832,0.9456521739130435,0.06511976047904192,0.014858841010401188,1.0,0.0074850299401197605
yelp,homo,167.43,45954,7693958,SAGE,layer,default,3,2,0.846206740033172,0.5674210549884762,0.17521226406097412,0.21501028537750244,28.6,0.846528843951749,0.005305885431978264,0.5694312452385809,0.013636313812584056,0.5,0.6130434782608696,0.4221556886227545,0.11904761904761904,0.9239130434782609,0.06362275449101797,0.014858841010401188,1.0,0.0074850299401197605
yelp,homo,167.43,45954,7693958,SAGE,graph,default,1,2,0.872673028433967,0.6297037737197813,0.3184889256954193,0.41310396790504456,30.1,0.8729203523717822,0.005078010567217136,0.6301192694203924,0.01208988381662909,0.5478723404255319,0.6717391304347826,0.4625748502994012,0.12044817927170869,0.9347826086956522,0.06437125748502993,0.014858841010401188,1.0,0.0074850299401197605
yelp,homo,167.43,45954,7693958,SAGE,graph,default,2,2,0.8781849964785298,0.6540086497410029,0.33001017570495605,0.4143002927303314,30.1,0.8778732051789179,0.005018787019645829,0.6536865308468031,0.013273956430246897,0.5700354609929078,0.6989130434782609,0.4812874251497006,0.12745098039215685,0.9891304347826086,0.06811377245508982,0.014858841010401188,1.0,0.0074850299401197605
yelp,homo,167.43,45954,7693958,SAGE,graph,default,3,2,0.8696694886703171,0.6402973336091013,0.28102484345436096,0.36586806178092957,30.1,0.8696371742711313,0.0049886742903835525,0.641957016279724,0.012813805667423158,0.5638297872340425,0.691304347826087,0.47604790419161674,0.12605042016806722,0.9782608695652174,0.06736526946107785,0.014858841010401188,1.0,0.0074850299401197605
amazon,net_upu,29.41,11944,351216,GCN,none,default,1,2,0.8697528089887641,0.5371280859576588,0.0006050743977539241,0.23973236978054047,3.4,0.8704649419059769,0.014598448064021295,0.5448548999500017,0.034548514092651327,0.4900990099009901,0.41422594142259417,0.6,0.21164021164021163,0.8333333333333334,0.12121212121212122,0.03571428571428571,1.0,0.01818181818181818
amazon,net_upu,29.41,11944,351216,GCN,none,default,2,2,0.874768811712632,0.48911213887863497,0.0008485955186188221,0.24065496027469635,3.4,0.8744996061915065,0.014077475891846044,0.4932164715031621,0.03546811312527109,0.4900990099009901,0.41422594142259417,0.6,0.2222222222222222,0.875,0.12727272727272726,0.03571428571428571,1.0,0.01818181818181818
amazon,net_upu,29.41,11944,351216,GCN,none,default,3,2,0.8733033707865168,0.5205010151822819,0.0006311144097708166,0.2454221397638321,3.4,0.8760575413675962,0.013692510965618528,0.527661662396443,0.03466209229941674,0.45410628019323673,0.37751004016064255,0.5696969696969697,0.2328042328042328,0.9166666666666666,0.13333333333333333,0.03571428571428571,1.0,0.01818181818181818
amazon,net_upu,29.41,11944,351216,GCN,layer,default,1,2,0.8052652366360231,0.38889175551738947,0.001530461828224361,0.18572527170181274,3.5,0.8064107118928834,0.01605939268176323,0.39610159734108863,0.03514202490974456,0.36633663366336633,0.30962343096234307,0.4484848484848485,0.21164021164021163,0.8333333333333334,0.12121212121212122,0.03571428571428571,1.0,0.01818181818181818
amazon,net_upu,29.41,11944,351216,GCN,layer,default,2,2,0.8155355805243445,0.39005512548612303,0.001948349759913981,0.17921662330627441,3.5,0.815821494142148,0.015515070257026285,0.39350448049573883,0.03865071225058579,0.3811881188118812,0.32217573221757323,0.4666666666666667,0.2222222222222222,0.875,0.12727272727272726,0.03571428571428571,1.0,0.01818181818181818
amazon,net_upu,29.41,11944,351216,GCN,layer,default,3,2,0.8302403813415049,0.41882564509131576,0.0014988334150984883,0.20168481767177582,3.5,0.8330551292470585,0.015333006299279715,0.42542364362839846,0.03520256913726536,0.3910891089108911,0.3305439330543933,0.47878787878787876,0.2328042328042328,0.9166666666666666,0.13333333333333333,0.03571428571428571,1.0,0.01818181818181818
amazon,net_upu,29.41,11944,351216,GCN,graph,default,1,2,0.8887545114061969,0.5652950488513816,0.02242984250187874,0.2849833071231842,3.7,0.8890416384081179,0.013476957334465025,0.5717662642631244,0.03358108851665602,0.5072463768115942,0.42168674698795183,0.6363636363636364,0.21164021164021163,0.8333333333333334,0.12121212121212122,0.03571428571428571,1.0,0.01818181818181818
amazon,net_upu,29.41,11944,351216,GCN,graph,default,2,2,0.8977814096016343,0.5202101943602844,0.02437511831521988,0.3085471987724304,3.7,0.8970677511748257,0.012340677553224547,0.5220616125692442,0.034846802737634824,0.4900662251655629,0.3854166666666667,0.6727272727272727,0.21164021164021163,0.8333333333333334,0.12121212121212122,0.03571428571428571,1.0,0.01818181818181818
amazon,net_upu,29.41,11944,351216,GCN,graph,default,3,2,0.8917316990125979,0.5670384617748377,0.025960907340049744,0.34650886058807373,3.7,0.8938031161884571,0.012961880910277192,0.572765925131528,0.03390927757679611,0.47404063205417607,0.3776978417266187,0.6363636363636364,0.2328042328042328,0.9166666666666666,0.13333333333333333,0.03571428571428571,1.0,0.01818181818181818
amazon,net_upu,29.41,11944,351216,GAT,none,default,1,2,0.48277970718420155,0.23562806877653947,0.010596951469779015,0.22660939395427704,6.0,0.48623061495194414,0.029770294997784955,0.24311209845560786,0.03236966140619097,0.1782178217821782,0.1506276150627615,0.21818181818181817,0.24338624338624337,0.9583333333333334,0.1393939393939394,0.03571428571428571,1.0,0.01818181818181818
amazon,net_upu,29.41,11944,351216,GAT,none,default,2,2,0.8850119169220292,0.5032230585509272,0.015273519791662693,0.15661543607711792,6.0,0.8851254458434437,0.014957125542991067,0.511811264142133,0.03467111718055736,0.49382716049382713,0.4166666666666667,0.6060606060606061,0.21164021164021163,0.8333333333333334,0.12121212121212122,0.023809523809523808,0.6666666666666666,0.012121212121212121
amazon,net_upu,29.41,11944,351216,GAT,none,default,3,2,0.8275914198161389,0.46239604153070557,0.027671106159687042,0.2913890480995178,6.0,0.8268349017746306,0.01629017238538426,0.47005262128931363,0.033892616099434544,0.4207920792079208,0.35564853556485354,0.5151515151515151,0.24338624338624337,0.9583333333333334,0.1393939393939394,0.03571428571428571,1.0,0.01818181818181818
amazon,net_upu,29.41,11944,351216,GAT,layer,default,1,2,0.8677194416070819,0.4481378625652481,0.0020756798330694437,0.1790677160024643,6.0,0.8679822209940222,0.015624571678611853,0.4569351675658821,0.036037642785482604,0.4405940594059406,0.3723849372384937,0.5393939393939394,0.21164021164021163,0.8333333333333334,0.12121212121212122,0.03571428571428571,1.0,0.01818181818181818
amazon,net_upu,29.41,11944,351216,GAT,layer,default,2,2,0.8911351719441608,0.5184176165361151,0.012623107060790062,0.17389489710330963,6.0,0.8903725036803539,0.013981798451800528,0.5215687527030834,0.0355680108312786,0.4975369458128079,0.4190871369294606,0.6121212121212121,0.2328042328042328,0.9166666666666666,0.13333333333333333,0.03550295857988166,0.75,0.01818181818181818
amazon,net_upu,29.41,11944,351216,GAT,layer,default,3,2,0.8739775280898876,0.46310941129014677,0.0009134338470175862,0.20475386083126068,6.0,0.8756448304656788,0.013629221863024227,0.46939593136445223,0.03292323302262259,0.4158415841584158,0.3514644351464435,0.509090909090909,0.24338624338624337,0.9583333333333334,0.1393939393939394,0.03571428571428571,1.0,0.01818181818181818
amazon,net_upu,29.41,11944,351216,GAT,graph,default,1,2,0.8623983656792646,0.44920087581852236,0.014764254912734032,0.3529249131679535,6.2,0.8622828894822995,0.016070604609728343,0.45922967011471166,0.03840738903796223,0.44495412844036697,0.35793357933579334,0.5878787878787879,0.19895287958115182,0.7307692307692307,0.11515151515151516,0.03571428571428571,1.0,0.01818181818181818
amazon,net_upu,29.41,11944,351216,GAT,graph,default,2,2,0.8848171603677222,0.4473390878736487,0.039416659623384476,0.28510811924934387,6.3,0.8854198111377646,0.01543367929408616,0.4519911741714486,0.036801053470020315,0.4752475247524752,0.401673640167364,0.5818181818181818,0.14814814814814814,0.5833333333333334,0.08484848484848485,0.03571428571428571,1.0,0.01818181818181818
amazon,net_upu,29.41,11944,351216,GAT,graph,default,3,2,0.8805733741913518,0.4719536432291605,0.02997395023703575,0.3754420578479767,6.3,0.8829196300874146,0.014359568220058903,0.47833891141099366,0.03434166619080268,0.45742092457420924,0.3821138211382114,0.5696969696969697,0.2328042328042328,0.9166666666666666,0.13333333333333333,0.03571428571428571,1.0,0.01818181818181818
amazon,net_upu,29.41,11944,351216,SAGE,none,default,1,2,0.8965856315968675,0.7506520017720529,0.12657193839550018,0.3891983926296234,1.6,0.8953039999467814,0.015746294843078358,0.7525580958819331,0.03483820377303483,0.6237623762376238,0.5271966527196653,0.7636363636363637,0.25263157894736843,0.96,0.14545454545454545,0.1956521739130435,0.9473684210526315,0.10909090909090909
amazon,net_upu,29.41,11944,351216,SAGE,none,default,2,2,0.952354102826013,0.8547878456381525,0.1343369483947754,0.44050389528274536,1.6,0.9511241840229548,0.011161419119147158,0.8530770491820501,0.026688191332010364,0.698019801980198,0.5899581589958159,0.8545454545454545,0.25396825396825395,1.0,0.14545454545454545,0.11428571428571428,1.0,0.06060606060606061
amazon,net_upu,29.41,11944,351216,SAGE,none,default,3,2,0.9374722505958462,0.7965802629102514,0.13806885480880737,0.35702788829803467,1.6,0.9380967521381762,0.012832983728931982,0.8036768629175393,0.03539335787240799,0.6584158415841584,0.5564853556485355,0.806060606060606,0.24338624338624337,0.9583333333333334,0.1393939393939394,0.10285714285714286,0.9,0.05454545454545454
amazon,net_upu,29.41,11944,351216,SAGE,layer,default,1,2,0.9341995233231187,0.775966171195767,0.29868313670158386,0.2799857556819916,1.6,0.9339421340129125,0.011481592553940271,0.7801381388282946,0.03657422963922144,0.6534653465346535,0.5523012552301255,0.8,0.24338624338624337,0.9583333333333334,0.1393939393939394,0.023809523809523808,0.6666666666666666,0.012121212121212121
amazon,net_upu,29.41,11944,351216,SAGE,layer,default,2,2,0.9514661218930881,0.8602259110462113,0.2864789068698883,0.3101448714733124,1.6,0.9520773555711134,0.011021991986887933,0.8601562844117318,0.024396680117604427,0.693069306930693,0.5857740585774058,0.8484848484848485,0.25396825396825395,1.0,0.14545454545454545,0.03571428571428571,1.0,0.01818181818181818
amazon,net_upu,29.41,11944,351216,SAGE,layer,default,3,2,0.9408947906026558,0.801450475535635,0.3112695813179016,0.30168649554252625,1.6,0.9420796203019982,0.009493092147412927,0.8062919325334045,0.03152667457746066,0.6683168316831684,0.5648535564853556,0.8181818181818182,0.24338624338624337,0.9583333333333334,0.1393939393939394,0.03571428571428571,1.0,0.01818181818181818
amazon,net_upu,29.41,11944,351216,SAGE,graph,default,1,2,0.9707783452502554,0.839705623131183,0.3523279130458832,0.3631007671356201,1.8,0.9703909598235445,0.006101994767795799,0.8428103628561022,0.032528922566365984,0.7227722772277227,0.6108786610878661,0.8848484848484849,0.24338624338624337,0.9583333333333334,0.1393939393939394,0.047058823529411764,0.8,0.024242424242424242
amazon,net_upu,29.41,11944,351216,SAGE,graph,default,2,2,0.9742839632277834,0.8862147753159256,0.3288586437702179,0.3177858293056488,1.8,0.9740185054025174,0.007262152541394418,0.8847855505772967,0.024952843461503824,0.7178217821782178,0.606694560669456,0.8787878787878788,0.24338624338624337,0.9583333333333334,0.1393939393939394,0.08139534883720931,1.0,0.04242424242424243
amazon,net_upu,29.41,11944,351216,SAGE,graph,default,3,2,0.968247871978209,0.8358558156347177,0.3266477882862091,0.3251289427280426,1.8,0.9684722231369263,0.006193105343074644,0.840785437007615,0.03041604525223836,0.6881188118811881,0.5815899581589958,0.8424242424242424,0.24338624338624337,0.9583333333333334,0.1393939393939394,0.11363636363636363,0.9090909090909091,0.06060606060606061
amazon,net_uvu,173.6,11944,2073474,GCN,none,default,1,2,0.8684439904664623,0.558737480621442,5.1540624554036185e-05,0.020505815744400024,17.6,0.8671489397253137,0.014998069197939107,0.5589302315426566,0.036011690770740734,0.5297029702970297,0.4476987447698745,0.6484848484848484,0.17989417989417988,0.7083333333333334,0.10303030303030303,0.03571428571428571,1.0,0.01818181818181818
amazon,net_uvu,173.6,11944,2073474,GCN,none,default,2,2,0.8854341164453524,0.565761654930961,6.789637700421736e-05,0.023042205721139908,17.7,0.8868790403899367,0.01753246940032687,0.5647682103559478,0.043824107857863316,0.5742574257425742,0.48535564853556484,0.703030303030303,0.20105820105820105,0.7916666666666666,0.11515151515151516,0.03571428571428571,1.0,0.01818181818181818
amazon,net_uvu,173.6,11944,2073474,GCN,none,default,3,2,0.8542921348314607,0.545227647355765,4.6491924877045676e-05,0.020907003432512283,17.7,0.852556816216139,0.01838735879043536,0.5463256242990984,0.04166062302140066,0.5445544554455446,0.4602510460251046,0.6666666666666666,0.19047619047619047,0.75,0.10909090909090909,0.047337278106508875,1.0,0.024242424242424242
amazon,net_uvu,173.6,11944,2073474,GCN,layer,default,1,2,0.8351855635001701,0.5005563542552269,0.0009821075946092606,0.05483923852443695,17.8,0.8324008463130201,0.017801360513599117,0.4986251753294739,0.03519937375611039,0.46534653465346537,0.39330543933054396,0.5696969696969697,0.17989417989417988,0.7083333333333334,0.10303030303030303,0.03571428571428571,1.0,0.01818181818181818
amazon,net_uvu,173.6,11944,2073474,GCN,layer,default,2,2,0.870007490636704,0.5387629390251285,0.0012038687709718943,0.059249889105558395,17.8,0.8711005397940704,0.018102663843374927,0.5393801556991727,0.048260498459828216,0.5346534653465347,0.45188284518828453,0.6545454545454545,0.20105820105820105,0.7916666666666666,0.11515151515151516,0.03571428571428571,1.0,0.01818181818181818
amazon,net_uvu,173.6,11944,2073474,GCN,layer,default,3,2,0.8300388151174668,0.4946136044150999,0.0009623894584365189,0.05473793298006058,17.8,0.8282605048527282,0.020471346138322927,0.4950865089090064,0.04196075602022484,0.5,0.4225941422594142,0.6121212121212121,0.19047619047619047,0.75,0.10909090909090909,0.047337278106508875,1.0,0.024242424242424242
amazon,net_uvu,173.6,11944,2073474,GCN,graph,default,1,2,0.8666503234593121,0.5516301805512027,0.01191627699881792,0.1835363507270813,18.0,0.865172211541102,0.0153276636164065,0.551930611705891,0.03505759270758866,0.5396039603960396,0.4560669456066946,0.6606060606060606,0.2,0.76,0.11515151515151516,0.03571428571428571,1.0,0.01818181818181818
amazon,net_uvu,173.6,11944,2073474,GCN,graph,default,2,2,0.8834484167517875,0.5844246174720066,0.01285444013774395,0.18058936297893524,18.0,0.8845555002256329,0.018295112512182753,0.5829623279881168,0.04586703353433823,0.5891089108910891,0.497907949790795,0.7212121212121212,0.21164021164021163,0.8333333333333334,0.12121212121212122,0.03571428571428571,1.0,0.01818181818181818
amazon,net_uvu,173.6,11944,2073474,GCN,graph,default,3,2,0.8613905345590738,0.5597247191874426,0.014043979346752167,0.20279555022716522,18.0,0.8597148278548152,0.018044506007242368,0.5607567048980796,0.04158480605517497,0.5693069306930693,0.4811715481171548,0.696969696969697,0.20105820105820105,0.7916666666666666,0.11515151515151516,0.047337278106508875,1.0,0.024242424242424242
amazon,net_uvu,173.6,11944,2073474,GAT,none,default,1,2,0.8190275791624106,0.31049028957739394,0.002556630177423358,0.041845496743917465,31.4,0.8160793346794822,0.01938016170887788,0.3114223728704203,0.03760624539966565,0.3465346534653465,0.2928870292887029,0.42424242424242425,0.1693121693121693,0.6666666666666666,0.09696969696969697,0.03571428571428571,1.0,0.01818181818181818
amazon,net_uvu,173.6,11944,2073474,GAT,none,default,2,2,0.9151433435478379,0.6422461607938804,0.008096911944448948,0.0559166856110096,31.8,0.9155241655671911,0.013626553923559229,0.6423677288037284,0.03862486526702301,0.6138613861386139,0.5188284518828452,0.7515151515151515,0.2328042328042328,0.9166666666666666,0.13333333333333333,0.03571428571428571,1.0,0.01818181818181818
amazon,net_uvu,173.6,11944,2073474,GAT,none,default,3,2,0.8466176370446034,0.4397139956809823,0.003583580022677779,0.04345883056521416,31.7,0.8465327213619029,0.019459091804768416,0.44149231333642674,0.041111990209729256,0.4801980198019802,0.40585774058577406,0.5878787878787879,0.14814814814814814,0.5833333333333334,0.08484848484848485,0.058823529411764705,1.0,0.030303030303030304
amazon,net_uvu,173.6,11944,2073474,GAT,layer,default,1,2,0.8427170582226762,0.4028912830913947,0.002430626656860113,0.04752451553940773,31.9,0.8421665169707232,0.014853103261004624,0.4023511758945133,0.03559923915296152,0.4306930693069307,0.36401673640167365,0.5272727272727272,0.20105820105820105,0.7916666666666666,0.11515151515151516,0.03571428571428571,1.0,0.01818181818181818
amazon,net_uvu,173.6,11944,2073474,GAT,layer,default,2,2,0.9251753489955736,0.6348148802115342,0.022657830268144608,0.1495576649904251,32.0,0.9248420207258888,0.012628936733171678,0.6353550555413976,0.03908964004710876,0.6287128712871287,0.5313807531380753,0.7696969696969697,0.2328042328042328,0.9166666666666666,0.13333333333333333,0.03571428571428571,1.0,0.01818181818181818
amazon,net_uvu,173.6,11944,2073474,GAT,layer,default,3,2,0.7917916241062308,0.4344920504282592,0.00036816098145209253,0.02544928900897503,32.0,0.7897767110625948,0.021964700446435354,0.43375963911096965,0.03836481856710724,0.4801980198019802,0.40585774058577406,0.5878787878787879,0.1693121693121693,0.6666666666666666,0.09696969696969697,0.058823529411764705,1.0,0.030303030303030304
amazon,net_uvu,173.6,11944,2073474,GAT,graph,default,1,2,0.8716281920326865,0.5058556514164316,0.06402213126420975,0.2395758330821991,32.2,0.8699785583621032,0.017128947975279588,0.5098003593880249,0.04326225338509605,0.5148514851485149,0.4351464435146444,0.6303030303030303,0.19047619047619047,0.75,0.10909090909090909,0.03571428571428571,1.0,0.01818181818181818
amazon,net_uvu,173.6,11944,2073474,GAT,graph,default,2,2,0.92088253319714,0.6549714749627963,0.05133885517716408,0.27257025241851807,32.2,0.9211560744601905,0.0129730991354151,0.653477100268,0.03879800620596211,0.6287128712871287,0.5313807531380753,0.7696969696969697,0.2222222222222222,0.875,0.12727272727272726,0.03571428571428571,1.0,0.01818181818181818
amazon,net_uvu,173.6,11944,2073474,GAT,graph,default,3,2,0.877658835546476,0.5789144280916073,0.04863313212990761,0.25814467668533325,32.2,0.8762072492791259,0.01857855355982464,0.5769119515824868,0.043623298976391944,0.5495049504950495,0.46443514644351463,0.6727272727272727,0.2328042328042328,0.9166666666666666,0.13333333333333333,0.03571428571428571,1.0,0.01818181818181818
amazon,net_uvu,173.6,11944,2073474,SAGE,none,default,1,2,0.9214599931903302,0.7728201720674179,0.10859577357769012,0.08877960592508316,7.0,0.9211261527917121,0.015382163849428745,0.7735855185542434,0.03483795084224713,0.6336633663366337,0.5355648535564853,0.7757575757575758,0.44954128440366975,0.9245283018867925,0.296969696969697,0.44954128440366975,0.9245283018867925,0.296969696969697
amazon,net_uvu,173.6,11944,2073474,SAGE,none,default,2,2,0.945378277153558,0.8249035908768365,0.14441104233264923,0.12754802405834198,7.0,0.9453531234740722,0.010414812197680255,0.8226759448189707,0.02938296426011197,0.6633663366336634,0.5606694560669456,0.8121212121212121,0.40384615384615385,0.9767441860465116,0.2545454545454545,0.40384615384615385,0.9767441860465116,0.2545454545454545
amazon,net_uvu,173.6,11944,2073474,SAGE,none,default,3,2,0.938614913176711,0.7942766400161803,0.1383412927389145,0.10498366504907608,7.0,0.9395577229311692,0.010339819452951211,0.8006025161238115,0.03261414701681346,0.6534653465346535,0.5523012552301255,0.8,0.25263157894736843,0.96,0.14545454545454545,0.17582417582417584,0.9411764705882353,0.09696969696969697
amazon,net_uvu,173.6,11944,2073474,SAGE,layer,default,1,2,0.9417963908750424,0.8043134676729747,0.05309233441948891,0.12016875296831131,7.0,0.9409184971331669,0.009616399044769153,0.8044439831003222,0.028764334193934628,0.6485148514851485,0.5481171548117155,0.793939393939394,0.24338624338624337,0.9583333333333334,0.1393939393939394,0.058823529411764705,1.0,0.030303030303030304
amazon,net_uvu,173.6,11944,2073474,SAGE,layer,default,2,2,0.9553203949608444,0.8637689552840739,0.06584540754556656,0.13945050537586212,7.0,0.9552979210732552,0.010932930780210707,0.862377084441447,0.02394884032002253,0.6881188118811881,0.5815899581589958,0.8424242424242424,0.25396825396825395,1.0,0.14545454545454545,0.047337278106508875,1.0,0.024242424242424242
amazon,net_uvu,173.6,11944,2073474,SAGE,layer,default,3,2,0.9410691181477698,0.7949134015210773,0.10824587196111679,0.19183161854743958,7.0,0.9425657110221565,0.010725773383902432,0.797675145340619,0.030839196710858406,0.6485148514851485,0.5481171548117155,0.793939393939394,0.24338624338624337,0.9583333333333334,0.1393939393939394,0.07017543859649122,1.0,0.03636363636363636
amazon,net_uvu,173.6,11944,2073474,SAGE,graph,default,1,2,0.9717861763704461,0.8386795415550432,0.16417428851127625,0.27249351143836975,7.3,0.9717108279297696,0.005627580368046874,0.8411287401588752,0.03195540920688765,0.7079207920792079,0.5983263598326359,0.8666666666666667,0.24338624338624337,0.9583333333333334,0.1393939393939394,0.06976744186046512,0.8571428571428571,0.03636363636363636
amazon,net_uvu,173.6,11944,2073474,SAGE,graph,default,2,2,0.9781763704460333,0.886174800827264,0.13692504167556763,0.2503426671028137,7.3,0.9780738554858357,0.0058196504031841866,0.8848025133739468,0.02384157186559755,0.7227722772277227,0.6108786610878661,0.8848484848484849,0.25396825396825395,1.0,0.14545454545454545,0.08139534883720931,1.0,0.04242424242424243
amazon,net_uvu,173.6,11944,2073474,SAGE,graph,default,3,2,0.970387470207695,0.8411420096159818,0.12000198662281036,0.22359293699264526,7.3,0.9706601350249103,0.006119076225107779,0.8456646698053676,0.02902334370392069,0.693069306930693,0.5857740585774058,0.8484848484848485,0.24338624338624337,0.9583333333333334,0.1393939393939394,0.1452513966480447,0.9285714285714286,0.07878787878787878
amazon,net_usu,597.2,11944,7132958,GCN,none,default,1,2,0.7800313244807626,0.25006612870592143,0.0001678867411101237,0.01402843277901411,59.3,0.7811534435947549,0.0170032210081778,0.2518620382917153,0.03136832734596105,0.29207920792079206,0.24686192468619247,0.3575757575757576,0.12698412698412698,0.5,0.07272727272727272,0.03571428571428571,1.0,0.01818181818181818
amazon,net_usu,597.2,11944,7132958,GCN,none,default,2,2,0.7926591760299626,0.3200737247264164,0.00022322077711578459,0.015247155912220478,59.3,0.7953548791628091,0.019127883414890662,0.32826081528313417,0.037533345525259075,0.3069306930693069,0.2594142259414226,0.37575757575757573,0.20105820105820105,0.7916666666666666,0.11515151515151516,0.03571428571428571,1.0,0.01818181818181818
amazon,net_usu,597.2,11944,7132958,GCN,none,default,3,2,0.7828178413346953,0.31883149495874386,0.0001544822589494288,0.013856817968189716,59.3,0.7838541334925877,0.017279459158946076,0.32125107053233043,0.035434749745581896,0.3118811881188119,0.26359832635983266,0.38181818181818183,0.21164021164021163,0.8333333333333334,0.12121212121212122,0.023809523809523808,0.6666666666666666,0.012121212121212121
amazon,net_usu,597.2,11944,7132958,GCN,layer,default,1,2,0.7435369424582907,0.21458303599851994,0.0009453096427023411,0.02825559675693512,59.5,0.7447818539566586,0.017927522169851107,0.21921182453695612,0.02888903786058328,0.23267326732673269,0.19665271966527198,0.28484848484848485,0.1164021164021164,0.4583333333333333,0.06666666666666667,0.023809523809523808,0.6666666666666666,0.012121212121212121
amazon,net_usu,597.2,11944,7132958,GCN,layer,default,2,2,0.7564181137214844,0.28023201028409467,0.001243744045495987,0.029518375173211098,59.5,0.7590578985333625,0.019967209866154724,0.2882106071037647,0.035083581325152914,0.27722772277227725,0.23430962343096234,0.3393939393939394,0.17989417989417988,0.7083333333333334,0.10303030303030303,0.03571428571428571,1.0,0.01818181818181818
amazon,net_usu,597.2,11944,7132958,GCN,layer,default,3,2,0.7587279536942457,0.27798223233421815,0.0008974744705483317,0.026995595544576645,59.5,0.7591853772951673,0.018899409069635966,0.282154288176494,0.032764910362970585,0.25742574257425743,0.2175732217573222,0.3151515151515151,0.19047619047619047,0.75,0.10909090909090909,0.023809523809523808,0.6666666666666666,0.012121212121212121
amazon,net_usu,597.2,11944,7132958,GCN,graph,default,1,2,0.8230112359550562,0.3882009061183599,0.023524228483438492,0.16697952151298523,59.8,0.8240370824371206,0.01659625163573746,0.3907241758580477,0.0385825545533384,0.400990099009901,0.3389121338912134,0.4909090909090909,0.1693121693121693,0.6666666666666666,0.09696969696969697,0.03571428571428571,1.0,0.01818181818181818
amazon,net_usu,597.2,11944,7132958,GCN,graph,default,2,2,0.8397330609465441,0.43771425511081125,0.027673272415995598,0.18790291249752045,59.7,0.8416547343089072,0.017228005220397438,0.4466169373964777,0.04259839934780299,0.3811881188118812,0.32217573221757323,0.4666666666666667,0.2222222222222222,0.875,0.12727272727272726,0.03571428571428571,1.0,0.01818181818181818
amazon,net_usu,597.2,11944,7132958,GCN,graph,default,3,2,0.8388450800136193,0.4043417257308798,0.027737122029066086,0.2037966251373291,59.8,0.8407620090641883,0.015315602155105959,0.41110778281577603,0.03930291689915881,0.39603960396039606,0.33472803347280333,0.48484848484848486,0.19047619047619047,0.75,0.10909090909090909,0.03571428571428571,1.0,0.01818181818181818
amazon,net_usu,597.2,11944,7132958,GAT,none,default,1,2,0.6209860401770515,0.1109875920891611,0.06477421522140503,0.20981886982917786,108.9,0.6227419970801374,0.02279480619571949,0.11559433483553554,0.015559245350272173,0.15346534653465346,0.1297071129707113,0.18787878787878787,0.04950495049504951,0.13513513513513514,0.030303030303030304,0.011904761904761904,0.3333333333333333,0.006060606060606061
amazon,net_usu,597.2,11944,7132958,GAT,none,default,2,2,0.8890268981954373,0.4654701984134595,0.007216459605842829,0.032480474561452866,110.0,0.8896847961022354,0.01582957208844589,0.4737767649433476,0.04212614139647769,0.5346534653465347,0.45188284518828453,0.6545454545454545,0.15873015873015872,0.625,0.09090909090909091,0.03571428571428571,1.0,0.01818181818181818
amazon,net_usu,597.2,11944,7132958,GAT,none,default,3,2,0.6032168879809329,0.11466380994678377,0.04804743081331253,0.15405604243278503,109.5,0.6032609889655675,0.02348213936387748,0.11936679211255338,0.018690914112692587,0.12871287128712872,0.1087866108786611,0.15757575757575756,0.042328042328042326,0.16666666666666666,0.024242424242424242,0.011904761904761904,0.3333333333333333,0.006060606060606061
amazon,net_usu,597.2,11944,7132958,GAT,layer,default,1,2,0.7441225740551582,0.1974179214704766,0.0030489929486066103,0.03585761785507202,110.6,0.746413278656031,0.018856257532079163,0.20269042064642895,0.02441053718915617,0.27722772277227725,0.23430962343096234,0.3393939393939394,0.09523809523809523,0.375,0.05454545454545454,0.011904761904761904,0.3333333333333333,0.006060606060606061
amazon,net_usu,597.2,11944,7132958,GAT,layer,default,2,2,0.934855975485189,0.6159050948666516,0.03971165791153908,0.19037912786006927,111.0,0.9344033202421329,0.0109674985730954,0.6223457522721338,0.04045437778606177,0.6336633663366337,0.5355648535564853,0.7757575757575758,0.17989417989417988,0.7083333333333334,0.10303030303030303,0.023809523809523808,0.6666666666666666,0.012121212121212121
amazon,net_usu,597.2,11944,7132958,GAT,layer,default,3,2,0.70157848144365,0.1805784819203167,0.0061531104147434235,0.06157013028860092,110.8,0.7019518374987812,0.020281783086150692,0.18540624488271168,0.02773447046354944,0.22772277227722773,0.19246861924686193,0.2787878787878788,0.10582010582010581,0.4166666666666667,0.06060606060606061,0.023809523809523808,0.6666666666666666,0.012121212121212121
amazon,net_usu,597.2,11944,7132958,GAT,graph,default,1,2,0.7652216547497448,0.22990821074882578,0.027592938393354416,0.1734248250722885,110.6,0.7661538224994124,0.018672815259399112,0.23687604555998834,0.026345036313516767,0.2871287128712871,0.24267782426778242,0.3515151515151515,0.12698412698412698,0.5,0.07272727272727272,0.023809523809523808,0.6666666666666666,0.012121212121212121
amazon,net_usu,597.2,11944,7132958,GAT,graph,default,2,2,0.9095103847463397,0.495972982979914,0.025598613545298576,0.15842485427856445,111.2,0.910596758262286,0.013053467098975405,0.5048294967310689,0.04016581292941962,0.5643564356435643,0.4769874476987448,0.6909090909090909,0.17989417989417988,0.7083333333333334,0.10303030303030303,0.023809523809523808,0.6666666666666666,0.012121212121212121
amazon,net_usu,597.2,11944,7132958,GAT,graph,default,3,2,0.7591392577459992,0.2492267951370062,0.03431975096464157,0.2014215886592865,111.1,0.7606246923543475,0.019166029623860926,0.2557405581910931,0.029634120972115267,0.29207920792079206,0.24686192468619247,0.3575757575757576,0.12698412698412698,0.5,0.07272727272727272,0.023809523809523808,0.6666666666666666,0.012121212121212121
amazon,net_usu,597.2,11944,7132958,SAGE,none,default,1,2,0.941959822948587,0.8064971793888656,0.10407494753599167,0.1211189329624176,22.9,0.9412614305454846,0.012548754591082975,0.8077103858108186,0.033626708369947925,0.6633663366336634,0.5606694560669456,0.8121212121212121,0.24338624338624337,0.9583333333333334,0.1393939393939394,0.09195402298850575,0.8888888888888888,0.048484848484848485
amazon,net_usu,597.2,11944,7132958,SAGE,none,default,2,2,0.9602778345250256,0.8710140884909112,0.1187577024102211,0.15385191142559052,22.8,0.9595661566059975,0.009056361508156453,0.8688763970862722,0.025665543373687493,0.7178217821782178,0.606694560669456,0.8787878787878788,0.25396825396825395,1.0,0.14545454545454545,0.058823529411764705,1.0,0.030303030303030304
amazon,net_usu,597.2,11944,7132958,SAGE,none,default,3,2,0.9275723527408919,0.7897913074550063,0.12866444885730743,0.14150339365005493,22.9,0.9294928430263586,0.014698261720240899,0.7971820961613504,0.03291078318227677,0.6435643564356436,0.5439330543933054,0.7878787878787878,0.24338624338624337,0.9583333333333334,0.1393939393939394,0.17582417582417584,0.9411764705882353,0.09696969696969697
amazon,net_usu,597.2,11944,7132958,SAGE,layer,default,1,2,0.9374926796050391,0.8201769566118895,0.08778876066207886,0.2058551013469696,23.0,0.9373499910856161,0.012965728780136736,0.8216892046421737,0.031331479207542784,0.6732673267326733,0.5690376569037657,0.8242424242424242,0.24338624338624337,0.9583333333333334,0.1393939393939394,0.03571428571428571,1.0,0.01818181818181818
amazon,net_usu,597.2,11944,7132958,SAGE,layer,default,2,2,0.9593707865168539,0.8771286419577184,0.09011854976415634,0.1985812932252884,23.0,0.9594936204817032,0.00958318267342255,0.8774019109481337,0.022291777904790304,0.693069306930693,0.5857740585774058,0.8484848484848485,0.25396825396825395,1.0,0.14545454545454545,0.03571428571428571,1.0,0.01818181818181818
amazon,net_usu,597.2,11944,7132958,SAGE,layer,default,3,2,0.9535444330949949,0.8379759155390135,0.12191915512084961,0.23196709156036377,22.9,0.9546761007313177,0.009018598921081365,0.8427688789819271,0.026357352883019994,0.6831683168316832,0.5774058577405857,0.8363636363636363,0.24338624338624337,0.9583333333333334,0.1393939393939394,0.03571428571428571,1.0,0.01818181818181818
amazon,net_usu,597.2,11944,7132958,SAGE,graph,default,1,2,0.9738876404494382,0.8528810465401088,0.18690165877342224,0.2996690571308136,23.2,0.9737772431206748,0.0060890541276054505,0.8550034884466204,0.0314753010994243,0.7178217821782178,0.606694560669456,0.8787878787878788,0.24338624338624337,0.9583333333333334,0.1393939393939394,0.05847953216374269,0.8333333333333334,0.030303030303030304
amazon,net_usu,597.2,11944,7132958,SAGE,graph,default,2,2,0.9790943139257745,0.8962923781644,0.15627187490463257,0.2742045521736145,23.1,0.9790601983662911,0.006187456880581442,0.8953901429484021,0.02270802106924773,0.7277227722772277,0.6150627615062761,0.8909090909090909,0.25396825396825395,1.0,0.14545454545454545,0.08139534883720931,1.0,0.04242424242424243
amazon,net_usu,597.2,11944,7132958,SAGE,graph,default,3,2,0.9707075246850528,0.8556176957555555,0.1495610773563385,0.2801750600337982,23.2,0.9720537851590706,0.005954970044332852,0.8619010895055957,0.028118818033478918,0.7227722772277227,0.6108786610878661,0.8848484848484849,0.24338624338624337,0.9583333333333334,0.1393939393939394,0.1348314606741573,0.9230769230769231,0.07272727272727272
amazon,homo,736.5,11944,8796784,GCN,none,default,1,2,0.7890936329588014,0.24835279138876273,5.43129317520652e-05,0.0005910596810281277,73.3,0.7906297486754602,0.01740586868175432,0.25736697903231126,0.030891220005562083,0.35148514851485146,0.29707112970711297,0.4303030303030303,0.07407407407407407,0.2916666666666667,0.04242424242424243,0.011904761904761904,0.3333333333333333,0.006060606060606061
amazon,homo,736.5,11944,8796784,GCN,none,default,2,2,0.8214177732379979,0.3185828092309382,7.655975787201896e-05,0.0008945336448960006,73.0,0.823707677666284,0.018361620304721313,0.3257842430126901,0.037499769190998185,0.3712871287128713,0.3138075313807531,0.45454545454545453,0.12698412698412698,0.5,0.07272727272727272,0.023809523809523808,0.6666666666666666,0.012121212121212121
amazon,homo,736.5,11944,8796784,GCN,none,default,3,2,0.7952604698672116,0.2668994675422718,5.5274402257055044e-05,0.0006169629632495344,72.9,0.7958913837835092,0.015776326490262442,0.2722161505276228,0.028729338523383097,0.31683168316831684,0.26778242677824265,0.3878787878787879,0.13756613756613756,0.5416666666666666,0.07878787878787878,0.011904761904761904,0.3333333333333333,0.006060606060606061
amazon,homo,736.5,11944,8796784,GCN,layer,default,1,2,0.775605039155601,0.22672363647439747,0.0008749210392124951,0.01058416347950697,73.2,0.7768214846305738,0.01615613684296427,0.23517371480420513,0.03247318101209418,0.2722772277227723,0.2301255230125523,0.3333333333333333,0.13756613756613756,0.5416666666666666,0.07878787878787878,0.011904761904761904,0.3333333333333333,0.006060606060606061
amazon,homo,736.5,11944,8796784,GCN,layer,default,2,2,0.7922179094313927,0.30023309193514586,0.0010817599250003695,0.013249530456960201,73.0,0.7946679893597309,0.018896049513037264,0.3047906029403577,0.037546409788907074,0.32673267326732675,0.27615062761506276,0.4,0.21164021164021163,0.8333333333333334,0.12121212121212122,0.023809523809523808,0.6666666666666666,0.012121212121212121
amazon,homo,736.5,11944,8796784,GCN,layer,default,3,2,0.7815212802179095,0.23271178544639842,0.0008496571681462228,0.010208271443843842,73.2,0.7825881308075247,0.01650713571765599,0.23767859193331214,0.027438522060787028,0.29207920792079206,0.24686192468619247,0.3575757575757576,0.12698412698412698,0.5,0.07272727272727272,0.011904761904761904,0.3333333333333333,0.006060606060606061
amazon,homo,736.5,11944,8796784,GCN,graph,default,1,2,0.8176207013959823,0.3454132926826528,0.019222702831029892,0.11207771301269531,73.4,0.8192440006321497,0.016578610513102002,0.3524675126604238,0.041032665179693235,0.400990099009901,0.3389121338912134,0.4909090909090909,0.14814814814814814,0.5833333333333334,0.08484848484848485,0.011904761904761904,0.3333333333333333,0.006060606060606061
amazon,homo,736.5,11944,8796784,GCN,graph,default,2,2,0.8455948246510044,0.40257233313978896,0.021127864718437195,0.11667726188898087,73.5,0.8475450673618754,0.01761106906343394,0.40862712310323396,0.039757053316842754,0.4306930693069307,0.36401673640167365,0.5272727272727272,0.1693121693121693,0.6666666666666666,0.09696969696969697,0.03571428571428571,1.0,0.01818181818181818
amazon,homo,736.5,11944,8796784,GCN,graph,default,3,2,0.821918964930201,0.34041768816691315,0.022502541542053223,0.1285628229379654,73.4,0.8223583638444845,0.015605874834389737,0.34603718606115924,0.03496172806828291,0.40594059405940597,0.34309623430962344,0.49696969696969695,0.14814814814814814,0.5833333333333334,0.08484848484848485,0.011904761904761904,0.3333333333333333,0.006060606060606061
amazon,homo,736.5,11944,8796784,GAT,none,default,1,2,0.6715846101464079,0.14600552388957197,0.003361677285283804,0.009998351335525513,134.4,0.6693711129433411,0.02441132494820186,0.1489525454488607,0.018975518048492797,0.26666666666666666,0.225,0.32727272727272727,0.06282722513089005,0.23076923076923078,0.03636363636363636,0.03428571428571429,0.3,0.01818181818181818
amazon,homo,736.5,11944,8796784,GAT,none,default,2,2,0.903030303030303,0.6664529791229472,0.013036767952144146,0.035334669053554535,135.7,0.9021543129678957,0.016189875390995877,0.6652667474326308,0.0381120982741664,0.6138613861386139,0.5188284518828452,0.7515151515151515,0.2328042328042328,0.9166666666666666,0.13333333333333333,0.03571428571428571,1.0,0.01818181818181818
amazon,homo,736.5,11944,8796784,GAT,none,default,3,2,0.682949948927477,0.14759483545019791,0.004591295029968023,0.008902664296329021,134.9,0.678033962830746,0.020314388697291845,0.14842785739039002,0.017597632820996134,0.21287128712871287,0.1799163179916318,0.2606060606060606,0.042105263157894736,0.16,0.024242424242424242,0.03488372093023256,0.42857142857142855,0.01818181818181818
amazon,homo,736.5,11944,8796784,GAT,layer,default,1,2,0.7556077630234934,0.21184981006679293,0.0002711527340579778,0.0020531537011265755,136.1,0.7591260076619037,0.018043663508873535,0.22002179234349645,0.025384869295017497,0.26732673267326734,0.22594142259414227,0.32727272727272727,0.13756613756613756,0.5416666666666666,0.07878787878787878,0.023809523809523808,0.6666666666666666,0.012121212121212121
amazon,homo,736.5,11944,8796784,GAT,layer,default,2,2,0.9482655771195097,0.7818681569921586,0.03521718084812164,0.11961176991462708,137.0,0.9482006582718315,0.010546894377867818,0.7819038893579159,0.031361387892748484,0.6782178217821783,0.5732217573221757,0.8303030303030303,0.24338624338624337,0.9583333333333334,0.1393939393939394,0.03571428571428571,1.0,0.01818181818181818
amazon,homo,736.5,11944,8796784,GAT,layer,default,3,2,0.7582553626149132,0.2254643500712973,0.0005035665235482156,0.003455082420259714,136.7,0.7574417055967936,0.019000321434653564,0.22879958860560556,0.02842537707424399,0.2722772277227723,0.2301255230125523,0.3333333333333333,0.15873015873015872,0.625,0.09090909090909091,0.023809523809523808,0.6666666666666666,0.012121212121212121
amazon,homo,736.5,11944,8796784,GAT,graph,default,1,2,0.8074960844399045,0.2884012531279,0.1517864316701889,0.2787294387817383,136.5,0.8067441104338339,0.017245480770799872,0.29273355723624095,0.03395403630146903,0.3465346534653465,0.2928870292887029,0.42424242424242425,0.15873015873015872,0.625,0.09090909090909091,0.03571428571428571,1.0,0.01818181818181818
amazon,homo,736.5,11944,8796784,GAT,graph,default,2,2,0.9490037453183521,0.8620816404718409,0.016688477247953415,0.07224436104297638,137.2,0.948178484027444,0.01074797092425842,0.8595145278304279,0.023075204522659862,0.7128712871287128,0.602510460251046,0.8727272727272727,0.25396825396825395,1.0,0.14545454545454545,0.03571428571428571,1.0,0.01818181818181818
amazon,homo,736.5,11944,8796784,GAT,graph,default,3,2,0.6544092611508343,0.1456066319107103,0.0859040915966034,0.1859276294708252,137.0,0.655293076180187,0.026176772076286974,0.15298594532213491,0.017405025291631383,0.21287128712871287,0.1799163179916318,0.2606060606060606,0.031746031746031744,0.125,0.01818181818181818,0.011904761904761904,0.3333333333333333,0.006060606060606061
amazon,homo,736.5,11944,8796784,SAGE,none,default,1,2,0.8527436159346271,0.7068665411740078,0.11025871336460114,0.08535470813512802,28.1,0.8511014276964671,0.02042959947470049,0.7087189314384363,0.03819461726861547,0.5742574257425742,0.48535564853556484,0.703030303030303,0.24338624338624337,0.9583333333333334,0.1393939393939394,0.047058823529411764,0.8,0.024242424242424242
amazon,homo,736.5,11944,8796784,SAGE,none,default,2,2,0.9495267279536942,0.8640697858222767,0.12428037077188492,0.10008084774017334,28.2,0.9475661052047044,0.013331020914245777,0.8620125384883234,0.026812305224763078,0.7029702970297029,0.5941422594142259,0.8606060606060606,0.24338624338624337,0.9583333333333334,0.1393939393939394,0.058823529411764705,1.0,0.030303030303030304
amazon,homo,736.5,11944,8796784,SAGE,none,default,3,2,0.9205597548518897,0.7908803844760335,0.13089676201343536,0.09706521779298782,28.1,0.9210349997544391,0.01550114772661527,0.7982297749644137,0.035473748586087504,0.6633663366336634,0.5606694560669456,0.8121212121212121,0.24338624338624337,0.9583333333333334,0.1393939393939394,0.08092485549132948,0.875,0.04242424242424243
amazon,homo,736.5,11944,8796784,SAGE,layer,default,1,2,0.9511842015662241,0.8250100685119142,0.09568905830383301,0.1727474480867386,28.3,0.9510800408727137,0.009739955863197845,0.8263908592720033,0.032222739166317065,0.6732673267326733,0.5690376569037657,0.8242424242424242,0.24338624338624337,0.9583333333333334,0.1393939393939394,0.12429378531073447,0.9166666666666666,0.06666666666666667
amazon,homo,736.5,11944,8796784,SAGE,layer,default,2,2,0.9638379298604018,0.8829205034917528,0.09267737716436386,0.16067053377628326,28.2,0.9638725313960336,0.00839454879227464,0.8822527890475536,0.02235518225961967,0.7128712871287128,0.602510460251046,0.8727272727272727,0.25396825396825395,1.0,0.14545454545454545,0.03571428571428571,1.0,0.01818181818181818
amazon,homo,736.5,11944,8796784,SAGE,layer,default,3,2,0.9520980592441266,0.8231784771177207,0.13031411170959473,0.20663520693778992,28.3,0.9532933733032714,0.009365229661160247,0.8296343491090813,0.03170758844067054,0.6732673267326733,0.5690376569037657,0.8242424242424242,0.24338624338624337,0.9583333333333334,0.1393939393939394,0.023809523809523808,0.6666666666666666,0.012121212121212121
amazon,homo,736.5,11944,8796784,SAGE,graph,default,1,2,0.9748409942117807,0.8519315133306805,0.18519587814807892,0.2698991894721985,28.4,0.9748489264878244,0.005688988355005394,0.8549564802162612,0.0308301428957671,0.7178217821782178,0.606694560669456,0.8787878787878788,0.24338624338624337,0.9583333333333334,0.1393939393939394,0.05847953216374269,0.8333333333333334,0.030303030303030304
amazon,homo,736.5,11944,8796784,SAGE,graph,default,2,2,0.9828178413346953,0.9028183803308376,0.15737423300743103,0.25441181659698486,28.5,0.9828606543455429,0.004791227156692334,0.9016235586392851,0.022241275344983873,0.7326732673267327,0.6192468619246861,0.896969696969697,0.25396825396825395,1.0,0.14545454545454545,0.08139534883720931,1.0,0.04242424242424243
amazon,homo,736.5,11944,8796784,SAGE,graph,default,3,2,0.9746026557711951,0.8579263534597548,0.1531355082988739,0.25257405638694763,28.4,0.9754781102016408,0.005923906206554035,0.8626641554203232,0.027466963497993793,0.7178217821782178,0.606694560669456,0.8787878787878788,0.24338624338624337,0.9583333333333334,0.1393939393939394,0.1348314606741573,0.9230769230769231,0.07272727272727272
