dataset,model,init,norm,seed,auc,auprc,val_auprc,best_epoch,train_time_s,mad,boot_auc_mean,boot_auc_std,boot_auprc_mean,boot_auprc_std,f1@90,prec@90,rec@90,f1@99,prec@99,rec@99,f1@99.9,prec@99.9,rec@99.9
elliptic,GCN,default,batch,0,0.8761420538156806,0.5925365089360192,0.7989292276956405,406,101.3,0.07204262912273407,0.8778717799318992,0.008576925642550184,0.5980558132699024,0.021119717687354496,0.45014245014245013,0.3529937444146559,0.6210691823899371,0.28609625668449196,0.9553571428571429,0.16823899371069181,0.033950617283950615,0.9166666666666666,0.01729559748427673
elliptic,SAGE,xavier,none,0,0.872453688797304,0.6516724921739037,0.8702172729364432,160,73.3,0.2716304063796997,0.8734622103511965,0.009324338953234092,0.6540653021356552,0.017581800372418,0.4740740740740741,0.3717605004468275,0.6540880503144654,0.2994652406417112,1.0,0.1761006289308176,0.037037037037037035,1.0,0.018867924528301886
elliptic,GAT,xavier,graph,0,0.8735609361696037,0.6583714548144772,0.9070761176850441,367,509.9,0.10241322219371796,0.8749675267101525,0.008736460721241889,0.660820300318056,0.01745331195303999,0.4740740740740741,0.3717605004468275,0.6540880503144654,0.2994652406417112,1.0,0.1761006289308176,0.040061633281972264,1.0,0.020440251572327043
elliptic,GCN,default,none,0,0.8719445607143623,0.5839019845470766,0.7952930798773921,493,78.4,0.06211548298597336,0.8734309602554624,0.008667997861790263,0.5875348178198547,0.020200336912305595,0.4478632478632479,0.3512064343163539,0.6179245283018868,0.2807486631016043,0.9375,0.1650943396226415,0.037037037037037035,1.0,0.018867924528301886
elliptic,GCN,default,none,1,0.8657880685598986,0.5343332505774189,,-1,31.1,0.0705123022198677,0.8678686717688561,0.007067871702882544,0.5383096666998248,0.02198803145941821,0.44216524216524217,0.34673815907059874,0.610062893081761,0.25668449197860965,0.8571428571428571,0.1509433962264151,0.024691358024691357,0.6666666666666666,0.012578616352201259
elliptic,GCN,default,none,2,0.8684207623490579,0.5821675150775021,,-1,31.1,0.06483465433120728,0.8673334921341628,0.00789565839276368,0.577869206296987,0.019033211111978525,0.4433048433048433,0.34763181411974975,0.6116352201257862,0.27807486631016043,0.9285714285714286,0.16352201257861634,0.037037037037037035,1.0,0.018867924528301886
elliptic,GCN,default,none,3,0.8707059134284003,0.578020290159524,,-1,31.0,0.0613885261118412,0.8708423184590512,0.00821567804801994,0.5803079123087493,0.02029728424231348,0.4433048433048433,0.34763181411974975,0.6116352201257862,0.27807486631016043,0.9285714285714286,0.16352201257861634,0.037037037037037035,1.0,0.018867924528301886
elliptic,GCN,default,none,4,0.8668268210254173,0.5782271246718378,,-1,31.0,0.06903719156980515,0.8658860579527549,0.007766033858953312,0.5772265168314518,0.01811461850450898,0.4444444444444444,0.3485254691689008,0.6132075471698113,0.27807486631016043,0.9285714285714286,0.16352201257861634,0.037037037037037035,1.0,0.018867924528301886
elliptic,GCN,default,batch,1,0.8701642148620383,0.5215433191765203,,-1,34.5,0.07690667361021042,0.8724421219458124,0.00698800782397701,0.5263715387754099,0.021864549790524285,0.4341880341880342,0.34048257372654156,0.5990566037735849,0.24866310160427807,0.8303571428571429,0.14622641509433962,0.018518518518518517,0.5,0.009433962264150943
elliptic,GCN,default,batch,2,0.8711246341969504,0.5823626278485522,,-1,34.5,0.07715435326099396,0.8701557567670344,0.0078001182361768185,0.5795901457833752,0.01883670885697447,0.43874643874643876,0.34405719392314565,0.6053459119496856,0.2807486631016043,0.9375,0.1650943396226415,0.033950617283950615,0.9166666666666666,0.01729559748427673
elliptic,GCN,default,batch,3,0.8766976898657945,0.5928187148095675,,-1,34.5,0.07000943273305893,0.8770120649717906,0.008002344765695123,0.5959587702525455,0.01933426062476195,0.4478632478632479,0.3512064343163539,0.6179245283018868,0.2807486631016043,0.9375,0.1650943396226415,0.030864197530864196,0.8333333333333334,0.015723270440251572
elliptic,GCN,default,batch,4,0.8681087714026088,0.579720360856937,,-1,34.5,0.07811405509710312,0.8674110603511871,0.007791945032874997,0.5789579023717816,0.020056332519648883,0.43988603988603986,0.3449508489722967,0.6069182389937107,0.27807486631016043,0.9285714285714286,0.16352201257861634,0.033950617283950615,0.9166666666666666,0.01729559748427673
elliptic,GCN,default,layer,0,0.8638063372471578,0.6047020258386412,0.8244000521506957,358,90.0,0.07175365835428238,0.8661671307930381,0.009636511467475701,0.6092331115360209,0.01870014593239468,0.4717948717948718,0.3699731903485255,0.6509433962264151,0.2887700534759358,0.9642857142857143,0.16981132075471697,0.037037037037037035,1.0,0.018867924528301886
elliptic,GCN,default,layer,1,0.8620539408943363,0.6072028573766034,,-1,35.8,0.07646629959344864,0.8653260176124863,0.008275297878202316,0.6132292642964771,0.016823194718791144,0.45584045584045585,0.3574620196604111,0.6289308176100629,0.2967914438502674,0.9910714285714286,0.17452830188679244,0.037037037037037035,1.0,0.018867924528301886
elliptic,GCN,default,layer,2,0.8603716046202684,0.6164716454586971,,-1,35.8,0.06911840289831161,0.8597209660113906,0.009955859755783985,0.6143314676002762,0.017857114315696313,0.46609686609686607,0.36550491510277033,0.6430817610062893,0.2967914438502674,0.9910714285714286,0.17452830188679244,0.037037037037037035,1.0,0.018867924528301886
elliptic,GCN,default,layer,3,0.8583057266810246,0.5986608951011225,,-1,35.8,0.06994542479515076,0.8585037291940886,0.00958899999972222,0.5999913731806761,0.01921433277070871,0.4581196581196581,0.35924932975871315,0.6320754716981132,0.29411764705882354,0.9821428571428571,0.17295597484276728,0.037037037037037035,1.0,0.018867924528301886
elliptic,GCN,default,layer,4,0.8612284244770239,0.6185675372236095,,-1,35.8,0.07628317922353745,0.8601490028028594,0.008802558742287057,0.6163849985204645,0.01720367889308163,0.4717948717948718,0.3699731903485255,0.6509433962264151,0.2967914438502674,0.9910714285714286,0.17452830188679244,0.037037037037037035,1.0,0.018867924528301886
elliptic,GCN,default,graph,0,0.879674796020826,0.5725351483165184,0.8042655262560742,337,139.8,0.0737767219543457,0.8814863542340909,0.008389999873054912,0.5788850184613243,0.022317067340332602,0.4455840455840456,0.3494191242180518,0.6147798742138365,0.26737967914438504,0.8928571428571429,0.15723270440251572,0.030864197530864196,0.8333333333333334,0.015723270440251572
elliptic,GCN,default,graph,1,0.8706337664536841,0.5387394250209316,,-1,57.7,0.07873928546905518,0.8728287817939006,0.006966035475396299,0.5441772617519244,0.021197485137237796,0.43532763532763535,0.34137622877569257,0.60062893081761,0.25935828877005346,0.8660714285714286,0.15251572327044025,0.027777777777777776,0.75,0.014150943396226415
elliptic,GCN,default,graph,2,0.8654241288103739,0.5706117426600096,,-1,57.7,0.07554508000612259,0.864512554261567,0.00819955224098439,0.5680292425558979,0.019290207381162983,0.43988603988603986,0.3449508489722967,0.6069182389937107,0.2807486631016043,0.9375,0.1650943396226415,0.033950617283950615,0.9166666666666666,0.01729559748427673
elliptic,GCN,default,graph,3,0.8736187730005748,0.5733924687221709,,-1,57.7,0.07018755376338959,0.8739925326603861,0.008064195364889963,0.5772037346066354,0.02081441397687129,0.44672364672364673,0.35031277926720283,0.6163522012578616,0.2700534759358289,0.9017857142857143,0.15880503144654087,0.030864197530864196,0.8333333333333334,0.015723270440251572
elliptic,GCN,default,graph,4,0.8619814212596264,0.5616465355213992,,-1,57.7,0.07896221429109573,0.8611964829481863,0.008129826295734433,0.5610499471358048,0.020861138230070842,0.43304843304843305,0.33958891867739055,0.5974842767295597,0.2700534759358289,0.9017857142857143,0.15880503144654087,0.030864197530864196,0.8333333333333334,0.015723270440251572
elliptic,GCN,default,pair,0,0.8632886379843685,0.5801783963757567,0.7384229773590685,432,110.8,0.07596322894096375,0.8646248296691891,0.008942516501813904,0.583101871470977,0.019786521839130836,0.4319088319088319,0.3386952636282395,0.5959119496855346,0.28609625668449196,0.9553571428571429,0.16823899371069181,0.037037037037037035,1.0,0.018867924528301886
elliptic,GCN,default,pair,1,0.8625618019333005,0.5937454352505472,,-1,45.8,0.07978834211826324,0.8647313803861411,0.007888366541771082,0.5979892023124032,0.018683305941460712,0.4376068376068376,0.34316353887399464,0.6037735849056604,0.29411764705882354,0.9821428571428571,0.17295597484276728,0.037037037037037035,1.0,0.018867924528301886
elliptic,GCN,default,pair,2,0.8566305454788293,0.5691620625239158,,-1,45.8,0.06318093091249466,0.8554258557335664,0.00827894408547988,0.5657158653841373,0.01888726380856374,0.42735042735042733,0.3351206434316354,0.589622641509434,0.2887700534759358,0.9642857142857143,0.16981132075471697,0.033950617283950615,0.9166666666666666,0.01729559748427673
elliptic,GCN,default,pair,3,0.8624738541748652,0.5878835415818648,,-1,45.8,0.06834957003593445,0.8629539579623053,0.00843516062544273,0.5900942419481295,0.018213402991713992,0.43304843304843305,0.33958891867739055,0.5974842767295597,0.2887700534759358,0.9642857142857143,0.16981132075471697,0.037037037037037035,1.0,0.018867924528301886
elliptic,GCN,default,pair,4,0.8613087699715944,0.5758282622052698,,-1,45.8,0.07571200281381607,0.8601503167954734,0.008059071366277088,0.5745206176337855,0.019832765788149458,0.42962962962962964,0.33690795352993747,0.5927672955974843,0.2887700534759358,0.9642857142857143,0.16981132075471697,0.033950617283950615,0.9166666666666666,0.01729559748427673
elliptic,GCN,xavier,none,0,0.8737606819260499,0.5788289172717394,0.7807521346556598,441,77.5,0.06675907224416733,0.875190900402233,0.008820884530949594,0.5832932212088017,0.02137233952251386,0.449002849002849,0.3521000893655049,0.6194968553459119,0.28342245989304815,0.9464285714285714,0.16666666666666666,0.030864197530864196,0.8333333333333334,0.015723270440251572
elliptic,GCN,xavier,none,1,0.8696392114633792,0.5508250889526473,,-1,31.0,0.06918387115001678,0.8717122508715537,0.007198782994356097,0.554252419789653,0.022440563563521376,0.4444444444444444,0.3485254691689008,0.6132075471698113,0.26737967914438504,0.8928571428571429,0.15723270440251572,0.027777777777777776,0.75,0.014150943396226415
elliptic,GCN,xavier,none,2,0.8698197279641674,0.5816741051302929,,-1,31.1,0.06958459317684174,0.8688050240980022,0.00797357725208147,0.5775356381107662,0.01842628806127705,0.4444444444444444,0.3485254691689008,0.6132075471698113,0.27540106951871657,0.9196428571428571,0.1619496855345912,0.040061633281972264,1.0,0.020440251572327043
elliptic,GCN,xavier,none,3,0.8727299043843896,0.5747098850498983,,-1,31.1,0.063357874751091,0.8727923976462943,0.008036078936246156,0.5769603556523225,0.01969639697495801,0.4444444444444444,0.3485254691689008,0.6132075471698113,0.27540106951871657,0.9196428571428571,0.1619496855345912,0.037037037037037035,1.0,0.018867924528301886
elliptic,GCN,xavier,none,4,0.8702139277051537,0.5995442274141947,,-1,32.0,0.07235915213823318,0.8692227629277596,0.007725565264613618,0.5982585235541477,0.01774021719745927,0.4444444444444444,0.3485254691689008,0.6132075471698113,0.2887700534759358,0.9642857142857143,0.16981132075471697,0.037037037037037035,1.0,0.018867924528301886
elliptic,GCN,xavier,batch,0,0.8763640846397303,0.5801491266984029,0.796527423640137,406,85.2,0.07738055288791656,0.8778607040137232,0.008560847615573481,0.5857114887032955,0.02215325542386322,0.44216524216524217,0.34673815907059874,0.610062893081761,0.27807486631016043,0.9285714285714286,0.16352201257861634,0.030864197530864196,0.8333333333333334,0.015723270440251572
elliptic,GCN,xavier,batch,1,0.8656493645103666,0.5130443728668085,,-1,34.4,0.08084162324666977,0.8677560994549333,0.007263618983519096,0.5174351515814936,0.021981551410187986,0.4319088319088319,0.3386952636282395,0.5959119496855346,0.2540106951871658,0.8482142857142857,0.14937106918238993,0.021604938271604937,0.5833333333333334,0.0110062893081761
elliptic,GCN,xavier,batch,2,0.8724273044697735,0.6008039675065954,,-1,34.4,0.07900004833936691,0.8714728489827249,0.007706188666715025,0.5973966259578938,0.017563429202840715,0.44672364672364673,0.35031277926720283,0.6163522012578616,0.2887700534759358,0.9642857142857143,0.16981132075471697,0.037037037037037035,1.0,0.018867924528301886
elliptic,GCN,xavier,batch,3,0.8697082280941513,0.5521467061507735,,-1,34.4,0.07481072843074799,0.8701271486827139,0.008080243101187627,0.5559013048298203,0.02094439187375807,0.4376068376068376,0.34316353887399464,0.6037735849056604,0.26737967914438504,0.8928571428571429,0.15723270440251572,0.030864197530864196,0.8333333333333334,0.015723270440251572
elliptic,GCN,xavier,batch,4,0.8696919801184403,0.5988758669758255,,-1,34.4,0.08301170915365219,0.8686692925644305,0.0077454905767824715,0.5967779449144501,0.01838401550412931,0.43646723646723645,0.34226988382484363,0.6022012578616353,0.2887700534759358,0.9642857142857143,0.16981132075471697,0.037037037037037035,1.0,0.018867924528301886
elliptic,GCN,xavier,layer,0,0.8722208508334467,0.6193106267093458,0.8163945939532953,321,89.7,0.08010905981063843,0.8742892876910859,0.00899109002661247,0.6237122367743843,0.0184320402146829,0.4831908831908832,0.37890974084003576,0.6666666666666666,0.2967914438502674,0.9910714285714286,0.17452830188679244,0.037037037037037035,1.0,0.018867924528301886
elliptic,GCN,xavier,layer,1,0.8654017692107717,0.6065314545770326,,-1,35.8,0.08606269210577011,0.8685829363198009,0.0080885246861364,0.6125585760643908,0.01737595971231754,0.46153846153846156,0.36193029490616624,0.6367924528301887,0.2914438502673797,0.9732142857142857,0.17138364779874213,0.037037037037037035,1.0,0.018867924528301886
elliptic,GCN,xavier,layer,2,0.8549461223087986,0.606583647687588,,-1,35.7,0.07234866917133331,0.8541310674533282,0.009983563546745455,0.6039258689441586,0.01739862257255116,0.4717948717948718,0.3699731903485255,0.6509433962264151,0.29411764705882354,0.9821428571428571,0.17295597484276728,0.037037037037037035,1.0,0.018867924528301886
elliptic,GCN,xavier,layer,3,0.865047891281068,0.5843142309939906,,-1,35.7,0.07827804237604141,0.8650174925765366,0.009078373387184544,0.5859369218810255,0.019804635655417593,0.45584045584045585,0.3574620196604111,0.6289308176100629,0.28609625668449196,0.9553571428571429,0.16823899371069181,0.037037037037037035,1.0,0.018867924528301886
elliptic,GCN,xavier,layer,4,0.8678610270390166,0.6287823298581185,,-1,35.7,0.0858566015958786,0.8668378546565285,0.008623982563629772,0.6265768469037485,0.017234439383981552,0.47863247863247865,0.3753351206434316,0.660377358490566,0.2967914438502674,0.9910714285714286,0.17452830188679244,0.037037037037037035,1.0,0.018867924528301886
elliptic,GCN,xavier,graph,0,0.8702128097251737,0.5556400234547862,0.8064011973422812,347,139.4,0.07722722738981247,0.8716898686682691,0.008834506876386197,0.561453108292114,0.023301783286988485,0.43988603988603986,0.3449508489722967,0.6069182389937107,0.2700534759358289,0.9017857142857143,0.15880503144654087,0.024691358024691357,0.6666666666666666,0.012578616352201259
elliptic,GCN,xavier,graph,1,0.8651905455265299,0.5125489990916985,,-1,57.5,0.08208960294723511,0.8672867647757083,0.007367551942004948,0.5169766758020817,0.021870976921627844,0.4319088319088319,0.3386952636282395,0.5959119496855346,0.2540106951871658,0.8482142857142857,0.14937106918238993,0.021604938271604937,0.5833333333333334,0.0110062893081761
elliptic,GCN,xavier,graph,2,0.8700638947918232,0.57431839672729,,-1,57.5,0.0813215896487236,0.8690642902662088,0.007817342373392822,0.5704726984260475,0.018029237000076366,0.4444444444444444,0.3485254691689008,0.6132075471698113,0.27540106951871657,0.9196428571428571,0.1619496855345912,0.037037037037037035,1.0,0.018867924528301886
elliptic,GCN,xavier,graph,3,0.867871461518831,0.5436787954163512,,-1,57.5,0.07589875161647797,0.8682990175611677,0.008346260809620193,0.5477109789862847,0.021738448865095746,0.43874643874643876,0.34405719392314565,0.6053459119496856,0.25935828877005346,0.8660714285714286,0.15251572327044025,0.030864197530864196,0.8333333333333334,0.015723270440251572
elliptic,GCN,xavier,graph,4,0.8653639069554453,0.5884594206941353,,-1,57.6,0.08348888903856277,0.864340155217599,0.007957635290360454,0.5865474040361858,0.019126576424903022,0.43874643874643876,0.34405719392314565,0.6053459119496856,0.28342245989304815,0.9464285714285714,0.16666666666666666,0.037037037037037035,1.0,0.018867924528301886
elliptic,GCN,xavier,pair,0,0.8637835304555636,0.5679473679356891,0.7405018878782432,472,110.7,0.06762316823005676,0.8651504561528597,0.008847168807034131,0.5718433587634915,0.02093118164085537,0.4284900284900285,0.3360142984807864,0.5911949685534591,0.28342245989304815,0.9464285714285714,0.16666666666666666,0.033950617283950615,0.9166666666666666,0.01729559748427673
elliptic,GCN,xavier,pair,1,0.863112295275506,0.5775175559663782,,-1,45.8,0.06911640614271164,0.8654393616695012,0.007807413531550427,0.5825734124560654,0.02037584294183756,0.43988603988603986,0.3449508489722967,0.6069182389937107,0.28609625668449196,0.9553571428571429,0.16823899371069181,0.033950617283950615,0.9166666666666666,0.01729559748427673
elliptic,GCN,xavier,pair,2,0.8691619085438713,0.584946531769355,,-1,45.8,0.06653019040822983,0.8682207306340481,0.00804586436929242,0.5823124746284553,0.020547745027373752,0.4376068376068376,0.34316353887399464,0.6037735849056604,0.28609625668449196,0.9553571428571429,0.16823899371069181,0.033950617283950615,0.9166666666666666,0.01729559748427673
elliptic,GCN,xavier,pair,3,0.8696831853425967,0.5872186006867468,,-1,45.8,0.06319108605384827,0.8701277504557362,0.007961726932298999,0.5902022011910704,0.018412491864042993,0.4341880341880342,0.34048257372654156,0.5990566037735849,0.2887700534759358,0.9642857142857143,0.16981132075471697,0.033950617283950615,0.9166666666666666,0.01729559748427673
elliptic,GCN,xavier,pair,4,0.8681683970015478,0.5820493531344322,,-1,45.8,0.07419008761644363,0.8669769222078128,0.00786717405759471,0.5803587218282503,0.01954035916248548,0.43646723646723645,0.34226988382484363,0.6022012578616353,0.2887700534759358,0.9642857142857143,0.16981132075471697,0.033950617283950615,0.9166666666666666,0.01729559748427673
elliptic,GCN,kaiming,none,0,0.8742496863693496,0.5797233632975092,0.7802399499085659,441,77.5,0.0667671337723732,0.8756775460183772,0.008802362216720927,0.584228810994079,0.021332897006040647,0.44672364672364673,0.35031277926720283,0.6163522012578616,0.28342245989304815,0.9464285714285714,0.16666666666666666,0.030864197530864196,0.8333333333333334,0.015723270440251572
elliptic,GCN,kaiming,none,1,0.8692297326626647,0.5478100815620426,,-1,31.1,0.06920097768306732,0.8713161519977969,0.007206052598978018,0.5515247157787535,0.022828581611412668,0.4444444444444444,0.3485254691689008,0.6132075471698113,0.2647058823529412,0.8839285714285714,0.15566037735849056,0.024691358024691357,0.6666666666666666,0.012578616352201259
elliptic,GCN,kaiming,none,2,0.8712937473019418,0.582997938540237,,-1,31.0,0.06958484649658203,0.8702949923033707,0.007948848201477125,0.5789462011742588,0.01838530997558334,0.4433048433048433,0.34763181411974975,0.6116352201257862,0.27540106951871657,0.9196428571428571,0.1619496855345912,0.037037037037037035,1.0,0.018867924528301886
elliptic,GCN,kaiming,none,3,0.8725520710355537,0.576714358605196,,-1,31.0,0.06336794048547745,0.872625853220904,0.00803617340858741,0.5789331031287701,0.019611330811640442,0.44216524216524217,0.34673815907059874,0.610062893081761,0.2727272727272727,0.9107142857142857,0.16037735849056603,0.037037037037037035,1.0,0.018867924528301886
elliptic,GCN,kaiming,none,4,0.8704463184770191,0.6004235301064569,,-1,31.0,0.07249904423952103,0.8694655177091697,0.0077286267765662164,0.5991474432411915,0.017826349756448225,0.4433048433048433,0.34763181411974975,0.6116352201257862,0.2887700534759358,0.9642857142857143,0.16981132075471697,0.037037037037037035,1.0,0.018867924528301886
elliptic,GCN,kaiming,batch,0,0.8752915691788126,0.570158946800402,0.7978503850074021,406,85.2,0.07760098576545715,0.8767449072468496,0.008571540377931564,0.5759177359888605,0.02257785391005732,0.43988603988603986,0.3449508489722967,0.6069182389937107,0.2727272727272727,0.9107142857142857,0.16037735849056603,0.030864197530864196,0.8333333333333334,0.015723270440251572
elliptic,GCN,kaiming,batch,1,0.8647349314186361,0.5123436557735628,,-1,34.4,0.08093524724245071,0.8668360762928338,0.007293218440305132,0.5166077706832376,0.021941356642300822,0.4319088319088319,0.3386952636282395,0.5959119496855346,0.2540106951871658,0.8482142857142857,0.14937106918238993,0.021604938271604937,0.5833333333333334,0.0110062893081761
elliptic,GCN,kaiming,batch,2,0.8663850698692769,0.5784905819172244,,-1,34.4,0.07765235751867294,0.8653470019194502,0.007955118366285098,0.574919879945179,0.018691196512370504,0.4433048433048433,0.34763181411974975,0.6116352201257862,0.2807486631016043,0.9375,0.1650943396226415,0.037037037037037035,1.0,0.018867924528301886
elliptic,GCN,kaiming,batch,3,0.8705224156476651,0.5605120456912277,,-1,34.4,0.07494329661130905,0.8709125146741034,0.008100830238263005,0.5640257220843352,0.020259435734522303,0.43988603988603986,0.3449508489722967,0.6069182389937107,0.2700534759358289,0.9017857142857143,0.15880503144654087,0.033950617283950615,0.9166666666666666,0.01729559748427673
elliptic,GCN,kaiming,batch,4,0.8702961364996912,0.5990738768965421,,-1,34.4,0.08281709998846054,0.8693044623578978,0.00768810332500962,0.5969731284639626,0.018307495809682023,0.4376068376068376,0.34316353887399464,0.6037735849056604,0.28609625668449196,0.9553571428571429,0.16823899371069181,0.037037037037037035,1.0,0.018867924528301886
elliptic,GCN,kaiming,layer,0,0.8725865793509395,0.61859575830631,0.8156325400044956,342,89.7,0.08018676191568375,0.8746600876076356,0.008960252518258306,0.6229683844156642,0.018476181311811186,0.48205128205128206,0.3780160857908847,0.6650943396226415,0.2967914438502674,0.9910714285714286,0.17452830188679244,0.037037037037037035,1.0,0.018867924528301886
elliptic,GCN,kaiming,layer,1,0.8653015982045539,0.6077850184365756,,-1,35.8,0.08629999309778214,0.8684926911487955,0.008118440767621254,0.6138342074780695,0.017317869143125785,0.46153846153846156,0.36193029490616624,0.6367924528301887,0.2914438502673797,0.9732142857142857,0.17138364779874213,0.037037037037037035,1.0,0.018867924528301886
elliptic,GCN,kaiming,layer,2,0.8529474722323586,0.6053037256633608,,-1,35.8,0.07185354828834534,0.8521836265071344,0.010117851894155594,0.6025823728742034,0.017412298338970036,0.4683760683760684,0.3672922252010724,0.6462264150943396,0.29411764705882354,0.9821428571428571,0.17295597484276728,0.037037037037037035,1.0,0.018867924528301886
elliptic,GCN,kaiming,layer,3,0.8653963283748686,0.5842394373424177,,-1,35.7,0.07831703871488571,0.8653979186412212,0.009019622033238767,0.585932212119847,0.01970023877792908,0.45584045584045585,0.3574620196604111,0.6289308176100629,0.28609625668449196,0.9553571428571429,0.16823899371069181,0.037037037037037035,1.0,0.018867924528301886
elliptic,GCN,kaiming,layer,4,0.8675005902934294,0.6274339010998807,,-1,35.7,0.08600600808858871,0.8664521111382822,0.008601056660349424,0.625197092526032,0.017192795142188005,0.47977207977207975,0.3762287756925827,0.6619496855345912,0.2967914438502674,0.9910714285714286,0.17452830188679244,0.037037037037037035,1.0,0.018867924528301886
elliptic,GCN,kaiming,graph,0,0.8701134585709414,0.5572746393415132,0.8080015010436186,337,139.3,0.0773622915148735,0.8715775553366351,0.008815664622915014,0.5631012901684432,0.023291828618537708,0.441025641025641,0.34584450402144773,0.6084905660377359,0.2700534759358289,0.9017857142857143,0.15880503144654087,0.027777777777777776,0.75,0.014150943396226415
elliptic,GCN,kaiming,graph,1,0.8641678174407263,0.505100055982564,,-1,57.5,0.08197597414255142,0.8663021060790896,0.007414568033525605,0.5093934171256332,0.022018521180702102,0.4319088319088319,0.3386952636282395,0.5959119496855346,0.24866310160427807,0.8303571428571429,0.14622641509433962,0.021604938271604937,0.5833333333333334,0.0110062893081761
elliptic,GCN,kaiming,graph,2,0.8689495668796493,0.5790629827218674,,-1,57.5,0.08056030422449112,0.8679474313071008,0.007861957513986098,0.5753775339243239,0.018036698538775407,0.44216524216524217,0.34673815907059874,0.610062893081761,0.2807486631016043,0.9375,0.1650943396226415,0.037037037037037035,1.0,0.018867924528301886
elliptic,GCN,kaiming,graph,3,0.8684170357491242,0.547494624029695,,-1,57.5,0.07571779191493988,0.8688821338461349,0.00825143078231027,0.5514183518409449,0.021427363778658524,0.43874643874643876,0.34405719392314565,0.6053459119496856,0.2620320855614973,0.875,0.1540880503144654,0.030864197530864196,0.8333333333333334,0.015723270440251572
elliptic,GCN,kaiming,graph,4,0.8663981129690447,0.5951766876675582,,-1,57.5,0.08340688794851303,0.8653755803539549,0.007937430095105637,0.5931130475208582,0.018655404570569935,0.43874643874643876,0.34405719392314565,0.6053459119496856,0.28342245989304815,0.9464285714285714,0.16666666666666666,0.037037037037037035,1.0,0.018867924528301886
elliptic,GCN,kaiming,pair,0,0.8638570935382546,0.5692137640107604,0.7468943077151436,437,110.7,0.06757313758134842,0.8652367597034544,0.008809304649250201,0.5730536639584226,0.02091235853439412,0.42735042735042733,0.3351206434316354,0.589622641509434,0.28342245989304815,0.9464285714285714,0.16666666666666666,0.033950617283950615,0.9166666666666666,0.01729559748427673
elliptic,GCN,kaiming,pair,1,0.8631379342830499,0.576156486312077,,-1,45.8,0.07018369436264038,0.8654408290198765,0.007804174459248933,0.58084986194437,0.020266121664805726,0.441025641025641,0.34584450402144773,0.6084905660377359,0.28609625668449196,0.9553571428571429,0.16823899371069181,0.033950617283950615,0.9166666666666666,0.01729559748427673
elliptic,GCN,kaiming,pair,2,0.8699662578735603,0.5863248736241669,,-1,45.8,0.0698026716709137,0.8690082845465317,0.007882602011809731,0.5836514123561733,0.020370451148413564,0.43646723646723645,0.34226988382484363,0.6022012578616353,0.28609625668449196,0.9553571428571429,0.16823899371069181,0.033950617283950615,0.9166666666666666,0.01729559748427673
elliptic,GCN,kaiming,pair,3,0.868467568444225,0.5864329328816693,,-1,45.8,0.06557456403970718,0.8688619734312302,0.00797893859994429,0.5893089808551661,0.01842236838264804,0.43304843304843305,0.33958891867739055,0.5974842767295597,0.2887700534759358,0.9642857142857143,0.16981132075471697,0.033950617283950615,0.9166666666666666,0.01729559748427673
elliptic,GCN,kaiming,pair,4,0.8660879107905639,0.5746226847616164,,-1,45.8,0.07445419579744339,0.8648874716219853,0.007964024739873062,0.5727816330329766,0.01970389898580731,0.4341880341880342,0.34048257372654156,0.5990566037735849,0.28342245989304815,0.9464285714285714,0.16666666666666666,0.033950617283950615,0.9166666666666666,0.01729559748427673
elliptic,GAT,default,none,0,0.8500437055640223,0.6084913406690498,0.8555720931199794,497,272.9,0.07948686182498932,0.8516875289945588,0.00820679420860549,0.6115265961029646,0.016952681687133275,0.441025641025641,0.34584450402144773,0.6084905660377359,0.2994652406417112,1.0,0.1761006289308176,0.037037037037037035,1.0,0.018867924528301886
elliptic,GAT,default,none,1,0.8403840604078867,0.6073054048438392,,-1,114.9,0.07375576347112656,0.8424243940474718,0.009715222037294597,0.6121984665809819,0.01678975186257191,0.44216524216524217,0.34673815907059874,0.610062893081761,0.2994652406417112,1.0,0.1761006289308176,0.037037037037037035,1.0,0.018867924528301886
elliptic,GAT,default,none,2,0.8660138259838821,0.621877239311731,,-1,114.9,0.06423885375261307,0.8653169967057853,0.007897522089652723,0.6198282500029626,0.017341038014136556,0.449002849002849,0.3521000893655049,0.6194968553459119,0.2994652406417112,1.0,0.1761006289308176,0.037037037037037035,1.0,0.018867924528301886
elliptic,GAT,default,none,3,0.8480513161754709,0.6102705487355083,,-1,114.9,0.07433584332466125,0.8487786118165395,0.008321118318786116,0.6114296417757502,0.01859753967319314,0.4376068376068376,0.34316353887399464,0.6037735849056604,0.2994652406417112,1.0,0.1761006289308176,0.037037037037037035,1.0,0.018867924528301886
elliptic,GAT,default,none,4,0.8453356682717876,0.616052771475589,,-1,116.2,0.06850705295801163,0.8456554663894306,0.009851104593863345,0.6156887744118802,0.018816635282222296,0.44672364672364673,0.35031277926720283,0.6163522012578616,0.2994652406417112,1.0,0.1761006289308176,0.037037037037037035,1.0,0.018867924528301886
elliptic,GAT,default,batch,0,0.8671754817152137,0.6389546404494216,0.9167782971953398,427,295.8,0.09003092348575592,0.86824673955107,0.0085812264837997,0.6409551892120643,0.017536151935867154,0.45014245014245013,0.3529937444146559,0.6210691823899371,0.2994652406417112,1.0,0.1761006289308176,0.037037037037037035,1.0,0.018867924528301886
elliptic,GAT,default,batch,1,0.8655965958553054,0.6436292476847598,,-1,124.9,0.0957304835319519,0.8674414042253471,0.008658563034476648,0.6484540058537008,0.016706559412978557,0.4672364672364672,0.36639857015192134,0.6446540880503144,0.2994652406417112,1.0,0.1761006289308176,0.037037037037037035,1.0,0.018867924528301886
elliptic,GAT,default,batch,2,0.8663863369132543,0.6496110823288933,,-1,124.9,0.07283303886651993,0.8655878040003376,0.008097379904533433,0.6472769498821304,0.016365589912679196,0.46951566951566953,0.3681858802502234,0.6477987421383647,0.2994652406417112,1.0,0.1761006289308176,0.037037037037037035,1.0,0.018867924528301886
elliptic,GAT,default,batch,3,0.859809186158275,0.6366484254142233,,-1,124.9,0.08416246622800827,0.8602194102735886,0.008769254182951488,0.6374208638126566,0.01829404765258647,0.45242165242165244,0.354781054512958,0.6242138364779874,0.2994652406417112,1.0,0.1761006289308176,0.037037037037037035,1.0,0.018867924528301886
elliptic,GAT,default,batch,4,0.8746679599459076,0.6571520648247059,,-1,125.0,0.0799495130777359,0.8743903894035101,0.007261820459681808,0.6559856806852841,0.01709087646746286,0.4717948717948718,0.3699731903485255,0.6509433962264151,0.2994652406417112,1.0,0.1761006289308176,0.037037037037037035,1.0,0.018867924528301886
elliptic,GAT,default,layer,0,0.864858132812444,0.618978145051567,0.8983786310561231,331,290.8,0.09153890609741211,0.8664883637584125,0.007496501202030276,0.6217868641086676,0.016724062491255944,0.44216524216524217,0.34673815907059874,0.610062893081761,0.2994652406417112,1.0,0.1761006289308176,0.037037037037037035,1.0,0.018867924528301886
elliptic,GAT,default,layer,1,0.8712207804752398,0.6306151689883431,,-1,122.6,0.11131896078586578,0.8730701640570271,0.008361333652553503,0.6355645285194645,0.01658049830336842,0.46267806267806266,0.36282394995531725,0.6383647798742138,0.2994652406417112,1.0,0.1761006289308176,0.037037037037037035,1.0,0.018867924528301886
elliptic,GAT,default,layer,2,0.8643030184863206,0.6197528752288579,,-1,122.7,0.09280818700790405,0.864207664747668,0.007775835933994558,0.6184464687703318,0.018134302930863842,0.4433048433048433,0.34763181411974975,0.6116352201257862,0.2994652406417112,1.0,0.1761006289308176,0.037037037037037035,1.0,0.018867924528301886
elliptic,GAT,default,layer,3,0.8637199546606945,0.6180025978689938,,-1,122.6,0.08979053050279617,0.863624783383994,0.00759088457655674,0.618646052337905,0.018247625976398264,0.449002849002849,0.3521000893655049,0.6194968553459119,0.2994652406417112,1.0,0.1761006289308176,0.037037037037037035,1.0,0.018867924528301886
elliptic,GAT,default,layer,4,0.8687118843358782,0.619645075607752,,-1,122.6,0.09902020543813705,0.868099747906203,0.007879261185653581,0.618750110633867,0.01856292696928,0.44216524216524217,0.34673815907059874,0.610062893081761,0.2994652406417112,1.0,0.1761006289308176,0.037037037037037035,1.0,0.018867924528301886
elliptic,GAT,default,graph,0,0.8651930796144847,0.6379433369200189,0.9146596235197564,427,434.1,0.09397090971469879,0.8663060285781934,0.008746213801775008,0.6398512411909657,0.017756682994568652,0.44672364672364673,0.35031277926720283,0.6163522012578616,0.2994652406417112,1.0,0.1761006289308176,0.037037037037037035,1.0,0.018867924528301886
elliptic,GAT,default,graph,1,0.863464533501239,0.6429324442189176,,-1,185.2,0.10261455178260803,0.8653148276521008,0.008830924210052235,0.6477689287263453,0.016841539524686065,0.4672364672364672,0.36639857015192134,0.6446540880503144,0.2994652406417112,1.0,0.1761006289308176,0.037037037037037035,1.0,0.018867924528301886
elliptic,GAT,default,graph,2,0.8626422964918682,0.6491233087413009,,-1,185.2,0.0788775160908699,0.8617970615831577,0.008389671543790703,0.6469842036707769,0.01642444668046895,0.46609686609686607,0.36550491510277033,0.6430817610062893,0.2994652406417112,1.0,0.1761006289308176,0.037037037037037035,1.0,0.018867924528301886
elliptic,GAT,default,graph,3,0.8561623354631598,0.6365296735164069,,-1,185.2,0.09090882539749146,0.8565634769142104,0.009065378409706174,0.6372782324037851,0.018251021991469905,0.456980056980057,0.3583556747095621,0.6305031446540881,0.2994652406417112,1.0,0.1761006289308176,0.037037037037037035,1.0,0.018867924528301886
elliptic,GAT,default,graph,4,0.8682670773677922,0.6537591540073335,,-1,185.3,0.08473926037549973,0.8679180172481616,0.007712521975071085,0.6525282133841348,0.01726793167637879,0.47065527065527063,0.36907953529937443,0.64937106918239,0.2994652406417112,1.0,0.1761006289308176,0.040061633281972264,1.0,0.020440251572327043
elliptic,GAT,default,pair,0,0.8568355084751827,0.6311970507678178,0.8710466447919758,388,368.9,0.06433285772800446,0.8577921272070071,0.009320669190160058,0.6341090242496249,0.01711221906565572,0.4547008547008547,0.35656836461126007,0.6273584905660378,0.2967914438502674,0.9910714285714286,0.17452830188679244,0.037037037037037035,1.0,0.018867924528301886
elliptic,GAT,default,pair,1,0.8503616590703653,0.6250123982071011,,-1,157.4,0.06466414034366608,0.8522921134052324,0.009268289509205004,0.6289390529785813,0.018219769717394092,0.45014245014245013,0.3529937444146559,0.6210691823899371,0.2994652406417112,1.0,0.1761006289308176,0.037037037037037035,1.0,0.018867924528301886
elliptic,GAT,default,pair,2,0.8626399114679107,0.6370435976037633,,-1,157.4,0.06208077818155289,0.8615822578376288,0.008193800969353595,0.634353563908747,0.01670442456689009,0.4547008547008547,0.35656836461126007,0.6273584905660378,0.2994652406417112,1.0,0.1761006289308176,0.037037037037037035,1.0,0.018867924528301886
elliptic,GAT,default,pair,3,0.8475654420761156,0.6291412162165922,,-1,157.4,0.04978738725185394,0.8484129353374841,0.0094574420988223,0.6307693313065057,0.018434050193520655,0.4478632478632479,0.3512064343163539,0.6179245283018868,0.2994652406417112,1.0,0.1761006289308176,0.037037037037037035,1.0,0.018867924528301886
elliptic,GAT,default,pair,4,0.8591399633421817,0.6297483354782909,,-1,157.4,0.065395787358284,0.8586700124079486,0.008171132903923222,0.6276981114285876,0.016688465039601495,0.4603988603988604,0.3610366398570152,0.6352201257861635,0.2994652406417112,1.0,0.1761006289308176,0.037037037037037035,1.0,0.018867924528301886
elliptic,GAT,xavier,none,0,0.8636962534851162,0.6263072812736733,0.8791760585895118,329,273.7,0.07263625413179398,0.865206854336355,0.008834190166446515,0.6295634432266046,0.01739523495120702,0.4512820512820513,0.353887399463807,0.6226415094339622,0.2994652406417112,1.0,0.1761006289308176,0.037037037037037035,1.0,0.018867924528301886
elliptic,GAT,xavier,none,1,0.8488173560578416,0.60257894045619,,-1,115.2,0.09217056632041931,0.8506798701860796,0.009453364465450483,0.6076063872282598,0.017152638881724778,0.43874643874643876,0.34405719392314565,0.6053459119496856,0.2994652406417112,1.0,0.1761006289308176,0.037037037037037035,1.0,0.018867924528301886
elliptic,GAT,xavier,none,2,0.8705865131665247,0.6357206202233586,,-1,115.2,0.06820065528154373,0.8698982380001989,0.007706102426357321,0.633573399491325,0.016883841147980628,0.4683760683760684,0.3672922252010724,0.6462264150943396,0.2967914438502674,0.9910714285714286,0.17452830188679244,0.037037037037037035,1.0,0.018867924528301886
elliptic,GAT,xavier,none,3,0.8572640674675578,0.6187982273886045,,-1,115.2,0.08156400173902512,0.8577384917748861,0.008273666020426137,0.619484913610006,0.018014290167891682,0.4433048433048433,0.34763181411974975,0.6116352201257862,0.2994652406417112,1.0,0.1761006289308176,0.037037037037037035,1.0,0.018867924528301886
elliptic,GAT,xavier,none,4,0.8392781546115631,0.612174081894646,,-1,115.2,0.07674550265073776,0.8395582608569394,0.009948400319507205,0.6115915505674672,0.019040065768972114,0.43874643874643876,0.34405719392314565,0.6053459119496856,0.2994652406417112,1.0,0.1761006289308176,0.037037037037037035,1.0,0.018867924528301886
elliptic,GAT,xavier,batch,0,0.8741884955984383,0.6496646648799782,0.9092388371080474,328,295.6,0.09639719128608704,0.8755063020979013,0.008653801419628416,0.6517699327024399,0.017567549783287582,0.4683760683760684,0.3672922252010724,0.6462264150943396,0.2994652406417112,1.0,0.1761006289308176,0.037037037037037035,1.0,0.018867924528301886
elliptic,GAT,xavier,batch,1,0.8663311832342357,0.6448795359284306,,-1,124.9,0.1080448254942894,0.8680021243996603,0.00865793176132301,0.6493820717231743,0.016822697178018643,0.4672364672364672,0.36639857015192134,0.6446540880503144,0.2994652406417112,1.0,0.1761006289308176,0.037037037037037035,1.0,0.018867924528301886
elliptic,GAT,xavier,batch,2,0.8637163025927594,0.6470191126635841,,-1,124.9,0.0880545824766159,0.862767832016372,0.008120661709300401,0.6449942043340796,0.015947179766103624,0.4672364672364672,0.36639857015192134,0.6446540880503144,0.2994652406417112,1.0,0.1761006289308176,0.037037037037037035,1.0,0.018867924528301886
elliptic,GAT,xavier,batch,3,0.8738535487963977,0.6569394734694005,,-1,124.9,0.10260152816772461,0.8745794534289467,0.008104058363630425,0.6579564760104942,0.01823743520615537,0.46951566951566953,0.3681858802502234,0.6477987421383647,0.2994652406417112,1.0,0.1761006289308176,0.037037037037037035,1.0,0.018867924528301886
elliptic,GAT,xavier,batch,4,0.8677708433206212,0.6578184444733239,,-1,124.9,0.09556587785482407,0.8675119959490939,0.007670024996822922,0.6566409500694992,0.01728803735068735,0.46951566951566953,0.3681858802502234,0.6477987421383647,0.2994652406417112,1.0,0.1761006289308176,0.037037037037037035,1.0,0.018867924528301886
elliptic,GAT,xavier,layer,0,0.8701603391981072,0.6197828109143705,0.8888650201729253,373,290.8,0.10364620387554169,0.8721530422034864,0.00746947717880348,0.6227097102393688,0.016762527531474114,0.44216524216524217,0.34673815907059874,0.610062893081761,0.2994652406417112,1.0,0.1761006289308176,0.037037037037037035,1.0,0.018867924528301886
elliptic,GAT,xavier,layer,1,0.8595807455823393,0.6200665380670375,,-1,122.6,0.11759814620018005,0.8616972754343877,0.009236033409206491,0.6247729743381157,0.017064093702735633,0.4478632478632479,0.3512064343163539,0.6179245283018868,0.2994652406417112,1.0,0.1761006289308176,0.037037037037037035,1.0,0.018867924528301886
elliptic,GAT,xavier,layer,2,0.8647758494859081,0.6201293691351372,,-1,122.6,0.09314344078302383,0.8649635257532415,0.00808344680481596,0.6194782092430242,0.018146217851938574,0.44216524216524217,0.34673815907059874,0.610062893081761,0.2994652406417112,1.0,0.1761006289308176,0.037037037037037035,1.0,0.018867924528301886
elliptic,GAT,xavier,layer,3,0.8808881769592376,0.6418605939583512,,-1,122.6,0.10481541603803635,0.8811080095634558,0.007320618046193754,0.64220988666146,0.01804764378858067,0.4638176638176638,0.36371760500446826,0.639937106918239,0.2994652406417112,1.0,0.1761006289308176,0.037037037037037035,1.0,0.018867924528301886
elliptic,GAT,xavier,layer,4,0.8640329145231262,0.6131618803154263,,-1,122.6,0.09051615744829178,0.863762565732535,0.008425095053287887,0.6130061311205551,0.018559923285507065,0.43304843304843305,0.33958891867739055,0.5974842767295597,0.2994652406417112,1.0,0.1761006289308176,0.037037037037037035,1.0,0.018867924528301886
elliptic,GAT,xavier,graph,1,0.863565598891441,0.6438205699454379,,-1,185.2,0.11447783559560776,0.8652224893163764,0.008654258607567541,0.6482462907176487,0.016818186014695567,0.4683760683760684,0.3672922252010724,0.6462264150943396,0.2994652406417112,1.0,0.1761006289308176,0.037037037037037035,1.0,0.018867924528301886
elliptic,GAT,xavier,graph,2,0.8632984762081934,0.6459813878165075,,-1,185.2,0.09361005574464798,0.8623843257710725,0.008204585140166363,0.6439241664412512,0.015850072461105816,0.46153846153846156,0.36193029490616624,0.6367924528301887,0.2994652406417112,1.0,0.1761006289308176,0.037037037037037035,1.0,0.018867924528301886
elliptic,GAT,xavier,graph,3,0.8736324868883307,0.6572499483294727,,-1,185.2,0.10732410848140717,0.8742895041737954,0.008139100132979438,0.6581376474875451,0.018180140018424232,0.46951566951566953,0.3681858802502234,0.6477987421383647,0.2994652406417112,1.0,0.1761006289308176,0.037037037037037035,1.0,0.018867924528301886
elliptic,GAT,xavier,graph,4,0.8627848016733328,0.6537437686894974,,-1,185.2,0.10009712725877762,0.86258766493211,0.007974861172392106,0.6526973684501718,0.017304337645183535,0.47065527065527063,0.36907953529937443,0.64937106918239,0.2994652406417112,1.0,0.1761006289308176,0.037037037037037035,1.0,0.018867924528301886
elliptic,GAT,xavier,pair,0,0.8656646435700948,0.6368813782326881,0.8807966256604597,298,368.8,0.06077677011489868,0.8668379197040518,0.00938391901051547,0.6399809884151761,0.01757354513905373,0.45925925925925926,0.36014298480786416,0.6336477987421384,0.2994652406417112,1.0,0.1761006289308176,0.037037037037037035,1.0,0.018867924528301886
elliptic,GAT,xavier,pair,1,0.8696164046717849,0.6359628822915642,,-1,157.5,0.059906188398599625,0.871549570846511,0.008424092776051578,0.6404570736690773,0.017871111895702237,0.4603988603988604,0.3610366398570152,0.6352201257861635,0.2994652406417112,1.0,0.1761006289308176,0.037037037037037035,1.0,0.018867924528301886
elliptic,GAT,xavier,pair,2,0.8719769821337855,0.6419843545907218,,-1,157.4,0.06178812310099602,0.8713151470309718,0.007949478468978402,0.6398814776449904,0.016771478056129246,0.4581196581196581,0.35924932975871315,0.6320754716981132,0.2994652406417112,1.0,0.1761006289308176,0.037037037037037035,1.0,0.018867924528301886
elliptic,GAT,xavier,pair,3,0.8720929539237222,0.6442700498445467,,-1,157.5,0.056842442601919174,0.8726694099260315,0.00809956355800882,0.6450134377985242,0.018025100274944788,0.4740740740740741,0.3717605004468275,0.6540880503144654,0.2994652406417112,1.0,0.1761006289308176,0.037037037037037035,1.0,0.018867924528301886
elliptic,GAT,xavier,pair,4,0.865881457154237,0.639042131467768,,-1,157.5,0.05515914410352707,0.8657548245580934,0.00789882870809268,0.6375381564610593,0.016290174068785877,0.4603988603988604,0.3610366398570152,0.6352201257861635,0.2994652406417112,1.0,0.1761006289308176,0.037037037037037035,1.0,0.018867924528301886
elliptic,GAT,kaiming,none,0,0.8598324401418613,0.6184724288689136,0.8785962095403398,329,273.7,0.07250526547431946,0.8615091593548736,0.008773482897471922,0.6219939193499627,0.017402792845257132,0.44672364672364673,0.35031277926720283,0.6163522012578616,0.2994652406417112,1.0,0.1761006289308176,0.037037037037037035,1.0,0.018867924528301886
elliptic,GAT,kaiming,none,1,0.8494094382553072,0.6027742430696545,,-1,115.2,0.09271890670061111,0.8512452257960881,0.00941637947446033,0.6078299883968838,0.017164120580127673,0.43532763532763535,0.34137622877569257,0.60062893081761,0.2994652406417112,1.0,0.1761006289308176,0.037037037037037035,1.0,0.018867924528301886
elliptic,GAT,kaiming,none,2,0.8678476112792554,0.629540066914084,,-1,115.2,0.0687498077750206,0.8671505805112794,0.007784066716678318,0.6274017959617904,0.017166766386481003,0.46495726495726497,0.3646112600536193,0.6415094339622641,0.2967914438502674,0.9910714285714286,0.17452830188679244,0.037037037037037035,1.0,0.018867924528301886
elliptic,GAT,kaiming,none,3,0.8567104437814078,0.6180697242116049,,-1,115.2,0.08155419677495956,0.8572034411203723,0.008291286350670285,0.6188118178433372,0.01801401570238262,0.4444444444444444,0.3485254691689008,0.6132075471698113,0.2994652406417112,1.0,0.1761006289308176,0.037037037037037035,1.0,0.018867924528301886
elliptic,GAT,kaiming,none,4,0.8397700658028109,0.6126721853837379,,-1,115.2,0.07672783732414246,0.840046621454912,0.009936435676794208,0.6120165084784775,0.019060846219330425,0.441025641025641,0.34584450402144773,0.6084905660377359,0.2994652406417112,1.0,0.1761006289308176,0.037037037037037035,1.0,0.018867924528301886
elliptic,GAT,kaiming,batch,0,0.8735415578499486,0.6503235266756292,0.9103064264660465,408,295.6,0.09680596739053726,0.8748244385350012,0.008624604212318305,0.6523049572049853,0.01749822824789421,0.46951566951566953,0.3681858802502234,0.6477987421383647,0.2994652406417112,1.0,0.1761006289308176,0.037037037037037035,1.0,0.018867924528301886
elliptic,GAT,kaiming,batch,1,0.8656787301178439,0.6440282018486515,,-1,124.9,0.10829704254865646,0.8673694863944358,0.008606331347480834,0.6485389371834189,0.016809319615691317,0.46609686609686607,0.36550491510277033,0.6430817610062893,0.2994652406417112,1.0,0.1761006289308176,0.037037037037037035,1.0,0.018867924528301886
elliptic,GAT,kaiming,batch,2,0.8641542526169675,0.6468163002061275,,-1,124.9,0.08794756233692169,0.8631501816502197,0.008193767599377608,0.6446955279099494,0.01590416097730857,0.46495726495726497,0.3646112600536193,0.6415094339622641,0.2994652406417112,1.0,0.1761006289308176,0.037037037037037035,1.0,0.018867924528301886
elliptic,GAT,kaiming,batch,3,0.8745885833673199,0.6568337320429489,,-1,124.9,0.10276491940021515,0.8753147787161443,0.00804996478962721,0.6578591589695221,0.018192664337638418,0.46951566951566953,0.3681858802502234,0.6477987421383647,0.2994652406417112,1.0,0.1761006289308176,0.037037037037037035,1.0,0.018867924528301886
elliptic,GAT,kaiming,batch,4,0.869042210154001,0.657687064840627,,-1,124.9,0.09592407941818237,0.8687838975365842,0.007574838482592151,0.6565112333372077,0.01724850573827002,0.4683760683760684,0.3672922252010724,0.6462264150943396,0.2994652406417112,1.0,0.1761006289308176,0.037037037037037035,1.0,0.018867924528301886
elliptic,GAT,kaiming,layer,0,0.8702034186933407,0.6202823110130096,0.889694952922892,507,290.6,0.10394211113452911,0.8722035868286631,0.007442801456603037,0.6232132418794525,0.016733908721186304,0.44216524216524217,0.34673815907059874,0.610062893081761,0.2994652406417112,1.0,0.1761006289308176,0.037037037037037035,1.0,0.018867924528301886
elliptic,GAT,kaiming,layer,1,0.8593898691337355,0.6203133101296174,,-1,122.6,0.11768162995576859,0.8614916451172573,0.009268744049520144,0.6250113871292745,0.01705827655831317,0.4478632478632479,0.3512064343163539,0.6179245283018868,0.2994652406417112,1.0,0.1761006289308176,0.037037037037037035,1.0,0.018867924528301886
elliptic,GAT,kaiming,layer,2,0.8646698649837938,0.6201397487258649,,-1,122.6,0.09315358102321625,0.8648560647286887,0.008070874284651874,0.6194799630226544,0.018127405898110405,0.43988603988603986,0.3449508489722967,0.6069182389937107,0.2994652406417112,1.0,0.1761006289308176,0.037037037037037035,1.0,0.018867924528301886
elliptic,GAT,kaiming,layer,3,0.8806440101315817,0.6418294112747022,,-1,122.6,0.10491769015789032,0.8808621178090524,0.007340693193752434,0.6422162060298766,0.01803187370847929,0.4638176638176638,0.36371760500446826,0.639937106918239,0.2994652406417112,1.0,0.1761006289308176,0.037037037037037035,1.0,0.018867924528301886
elliptic,GAT,kaiming,layer,4,0.8658874197141311,0.6140942580646976,,-1,122.6,0.08980758488178253,0.8656087014398638,0.008397669986718086,0.6139240792427337,0.01856518924519369,0.43532763532763535,0.34137622877569257,0.60062893081761,0.2994652406417112,1.0,0.1761006289308176,0.037037037037037035,1.0,0.018867924528301886
elliptic,GAT,kaiming,graph,0,0.8704833608803602,0.6464198949696216,0.9101114299426538,328,434.0,0.10112200677394867,0.8717839356045981,0.008800802847833704,0.6484542969926694,0.017587061244768627,0.46609686609686607,0.36550491510277033,0.6430817610062893,0.2994652406417112,1.0,0.1761006289308176,0.037037037037037035,1.0,0.018867924528301886
elliptic,GAT,kaiming,graph,1,0.8638365972386192,0.6429333660043489,,-1,185.2,0.11454895883798599,0.8654923128585229,0.008676967914397479,0.6473994672712086,0.016869882469753756,0.46609686609686607,0.36550491510277033,0.6430817610062893,0.2994652406417112,1.0,0.1761006289308176,0.037037037037037035,1.0,0.018867924528301886
elliptic,GAT,kaiming,graph,2,0.8618792378894446,0.6448381924204712,,-1,185.2,0.09369844943284988,0.8608469106603959,0.008293296721090356,0.6427085618374533,0.01597391087852289,0.46609686609686607,0.36550491510277033,0.6430817610062893,0.2994652406417112,1.0,0.1761006289308176,0.037037037037037035,1.0,0.018867924528301886
elliptic,GAT,kaiming,graph,3,0.8731945368641228,0.6568337421482504,,-1,185.2,0.10772641748189926,0.8738645902719137,0.008174481616711247,0.6576874802156114,0.018237724097969282,0.46951566951566953,0.3681858802502234,0.6477987421383647,0.2994652406417112,1.0,0.1761006289308176,0.037037037037037035,1.0,0.018867924528301886
elliptic,GAT,kaiming,graph,4,0.8641496316330497,0.6552681744880068,,-1,185.2,0.10114644467830658,0.8639847384180027,0.007864880291180622,0.6542489303645843,0.01731560614649887,0.47293447293447294,0.3708668453976765,0.6525157232704403,0.2994652406417112,1.0,0.1761006289308176,0.037037037037037035,1.0,0.018867924528301886
elliptic,GAT,kaiming,pair,0,0.8651234667277233,0.6371741897091475,0.8810124410084809,298,368.8,0.061067912727594376,0.866304836762334,0.00942311264529434,0.6402809156572207,0.017606619443504862,0.45925925925925926,0.36014298480786416,0.6336477987421384,0.2994652406417112,1.0,0.1761006289308176,0.037037037037037035,1.0,0.018867924528301886
elliptic,GAT,kaiming,pair,1,0.8696420436793287,0.636690899102121,,-1,157.4,0.059476338326931,0.871574299940178,0.008489099175833126,0.6412008239167326,0.017936692859321653,0.45925925925925926,0.36014298480786416,0.6336477987421384,0.2994652406417112,1.0,0.1761006289308176,0.037037037037037035,1.0,0.018867924528301886
elliptic,GAT,kaiming,pair,2,0.8716894376829014,0.6412958058674115,,-1,157.4,0.06160960718989372,0.871017308498096,0.007938330324080561,0.6391632154283227,0.016747021658462022,0.45925925925925926,0.36014298480786416,0.6336477987421384,0.2994652406417112,1.0,0.1761006289308176,0.037037037037037035,1.0,0.018867924528301886
elliptic,GAT,kaiming,pair,3,0.8735956680809858,0.6458427534879012,,-1,157.4,0.05697735771536827,0.8741758019616306,0.007983284109341125,0.6466116761236819,0.018060328146450956,0.4740740740740741,0.3717605004468275,0.6540880503144654,0.2994652406417112,1.0,0.1761006289308176,0.037037037037037035,1.0,0.018867924528301886
elliptic,GAT,kaiming,pair,4,0.8650511706890096,0.6388439387610003,,-1,157.4,0.05475948378443718,0.8649239476233607,0.007957879936676855,0.6373600802396525,0.01640345400805964,0.4603988603988604,0.3610366398570152,0.6352201257861635,0.2994652406417112,1.0,0.1761006289308176,0.037037037037037035,1.0,0.018867924528301886
elliptic,SAGE,default,none,0,0.8778320668856119,0.6655276274833128,0.873746848488167,159,45.4,0.23269224166870117,0.8790564217073817,0.009139967046537177,0.6677966440185008,0.01719397385839373,0.4888888888888889,0.38337801608579086,0.6745283018867925,0.2994652406417112,1.0,0.1761006289308176,0.037037037037037035,1.0,0.018867924528301886
elliptic,SAGE,default,none,1,0.8801289940207448,0.6615493031099048,,-1,17.4,0.21726445853710175,0.8817012237724567,0.007414083179024217,0.6654124698526797,0.016259567016479976,0.46951566951566953,0.3681858802502234,0.6477987421383647,0.2994652406417112,1.0,0.1761006289308176,0.037037037037037035,1.0,0.018867924528301886
elliptic,SAGE,default,none,2,0.8763512651359583,0.6629007247456936,,-1,17.4,0.23540529608726501,0.8756711487502007,0.008273786519546461,0.6616397460602065,0.01672565329343389,0.4774928774928775,0.3744414655942806,0.6588050314465409,0.2994652406417112,1.0,0.1761006289308176,0.037037037037037035,1.0,0.018867924528301886
elliptic,SAGE,default,none,3,0.875352685417725,0.6600213669897649,,-1,17.4,0.226556658744812,0.8759729305389777,0.008423661846860097,0.6614045399434922,0.017814041003147534,0.4672364672364672,0.36639857015192134,0.6446540880503144,0.2994652406417112,1.0,0.1761006289308176,0.037037037037037035,1.0,0.018867924528301886
elliptic,SAGE,default,none,4,0.8774488233484306,0.6572735710276543,,-1,17.4,0.22553610801696777,0.8773769224821997,0.007486333915977564,0.6563456738899537,0.016893798766215357,0.46951566951566953,0.3681858802502234,0.6477987421383647,0.2994652406417112,1.0,0.1761006289308176,0.037037037037037035,1.0,0.018867924528301886
elliptic,SAGE,default,batch,0,0.8821710217204131,0.658369824463578,0.9006227680062321,396,49.5,0.25537702441215515,0.8831567465179806,0.008511831274916691,0.660794573431417,0.017260295604986826,0.4672364672364672,0.36639857015192134,0.6446540880503144,0.2967914438502674,0.9910714285714286,0.17452830188679244,0.037037037037037035,1.0,0.018867924528301886
elliptic,SAGE,default,batch,1,0.8682377117603146,0.6455914137858442,,-1,19.2,0.23329155147075653,0.86972786245848,0.008176107154058697,0.649152689718075,0.01640569833619689,0.4603988603988604,0.3610366398570152,0.6352201257861635,0.2994652406417112,1.0,0.1761006289308176,0.040061633281972264,1.0,0.020440251572327043
elliptic,SAGE,default,batch,2,0.8631295866991985,0.6565588124133929,,-1,19.2,0.2447882741689682,0.8623806332829694,0.009318324069601744,0.6551613863065883,0.016538722914422443,0.47635327635327634,0.3735478105451296,0.6572327044025157,0.2994652406417112,1.0,0.1761006289308176,0.037037037037037035,1.0,0.018867924528301886
elliptic,SAGE,default,batch,3,0.868126062826301,0.6518128402007698,,-1,19.2,0.24798595905303955,0.8689301093177596,0.009070086581576023,0.6529959579735248,0.018148278858572408,0.46609686609686607,0.36550491510277033,0.6430817610062893,0.2994652406417112,1.0,0.1761006289308176,0.037037037037037035,1.0,0.018867924528301886
elliptic,SAGE,default,batch,4,0.8736558899359144,0.6620145439696393,,-1,19.2,0.24507661163806915,0.8738897175990585,0.007879850903863617,0.661046938839405,0.016875650770289376,0.4717948717948718,0.3699731903485255,0.6509433962264151,0.2994652406417112,1.0,0.1761006289308176,0.037037037037037035,1.0,0.018867924528301886
elliptic,SAGE,default,layer,0,0.9024215148241164,0.6637296832831225,0.8717532720299563,101,49.0,0.2583160996437073,0.9039055972305805,0.006986378449140705,0.666444062555327,0.0168588117620771,0.4752136752136752,0.3726541554959786,0.6556603773584906,0.2967914438502674,0.9910714285714286,0.17452830188679244,0.037037037037037035,1.0,0.018867924528301886
elliptic,SAGE,default,layer,1,0.8986270907716268,0.6609275044210544,,-1,18.9,0.23028163611888885,0.9007795710603067,0.0060743548395256475,0.6657330636839396,0.015506994297729209,0.4752136752136752,0.3726541554959786,0.6556603773584906,0.29411764705882354,0.9821428571428571,0.17295597484276728,0.037037037037037035,1.0,0.018867924528301886
elliptic,SAGE,default,layer,2,0.8880232742562898,0.6586578095283604,,-1,18.9,0.24811413884162903,0.8875813624325126,0.006602355910496759,0.6571488454427339,0.016684191220714864,0.4717948717948718,0.3699731903485255,0.6509433962264151,0.2967914438502674,0.9910714285714286,0.17452830188679244,0.040061633281972264,1.0,0.020440251572327043
elliptic,SAGE,default,layer,3,0.8931191760696237,0.6623654660074721,,-1,18.9,0.24405106902122498,0.8935492585556776,0.006945876133813208,0.663272383116473,0.01826256878512941,0.4740740740740741,0.3717605004468275,0.6540880503144654,0.2994652406417112,1.0,0.1761006289308176,0.037037037037037035,1.0,0.018867924528301886
elliptic,SAGE,default,layer,4,0.9100087232251248,0.6684410748812948,,-1,18.9,0.24991735816001892,0.9093709827803955,0.00664345130141692,0.6673711583301928,0.017258072668996666,0.48205128205128206,0.3780160857908847,0.6650943396226415,0.2967914438502674,0.9910714285714286,0.17452830188679244,0.037037037037037035,1.0,0.018867924528301886
elliptic,SAGE,default,graph,0,0.882878032259834,0.657277330454027,0.9020297265277633,396,79.7,0.2533431351184845,0.8838488621650614,0.008427272733777837,0.6596786044014209,0.017240630220486445,0.4683760683760684,0.3672922252010724,0.6462264150943396,0.2967914438502674,0.9910714285714286,0.17452830188679244,0.037037037037037035,1.0,0.018867924528301886
elliptic,SAGE,default,graph,1,0.8677089817617218,0.6469614487767912,,-1,32.1,0.23542211949825287,0.8692271020388049,0.008148188912737529,0.6505124241635423,0.016274952379647895,0.46153846153846156,0.36193029490616624,0.6367924528301887,0.2994652406417112,1.0,0.1761006289308176,0.037037037037037035,1.0,0.018867924528301886
elliptic,SAGE,default,graph,2,0.8633044387680874,0.6573173065237624,,-1,32.1,0.24369870126247406,0.8625474012147272,0.009310049772908436,0.6559943368476674,0.016543671753218702,0.47635327635327634,0.3735478105451296,0.6572327044025157,0.2994652406417112,1.0,0.1761006289308176,0.037037037037037035,1.0,0.018867924528301886
elliptic,SAGE,default,graph,3,0.8690948297450649,0.6530762495726006,,-1,32.1,0.24890612065792084,0.8698380901271974,0.008951951464824508,0.6541531358973779,0.01807363182771573,0.46609686609686607,0.36550491510277033,0.6430817610062893,0.2994652406417112,1.0,0.1761006289308176,0.037037037037037035,1.0,0.018867924528301886
elliptic,SAGE,default,graph,4,0.8740666357806064,0.6617964465099672,,-1,32.1,0.24393388628959656,0.8743369973282337,0.007891643735949725,0.660628780192325,0.017001285433398287,0.4752136752136752,0.3726541554959786,0.6556603773584906,0.2967914438502674,0.9910714285714286,0.17452830188679244,0.037037037037037035,1.0,0.018867924528301886
elliptic,SAGE,default,pair,0,0.8624064772480639,0.6570455876062183,0.9052687838926821,394,62.5,0.14430946111679077,0.8633780955033724,0.009975451007369577,0.6595153338618305,0.017367172697633434,0.4774928774928775,0.3744414655942806,0.6588050314465409,0.2994652406417112,1.0,0.1761006289308176,0.037037037037037035,1.0,0.018867924528301886
elliptic,SAGE,default,pair,1,0.8668073681737632,0.6589752955886465,,-1,25.0,0.1435234546661377,0.8684410883884476,0.008754213818343024,0.662947200842746,0.015855351964192105,0.4717948717948718,0.3699731903485255,0.6509433962264151,0.2994652406417112,1.0,0.1761006289308176,0.037037037037037035,1.0,0.018867924528301886
elliptic,SAGE,default,pair,2,0.8556957651514611,0.6529311619634828,,-1,25.0,0.14557799696922302,0.8549174078708325,0.009869922458359322,0.6518464492758735,0.01778756203077898,0.4717948717948718,0.3699731903485255,0.6509433962264151,0.2994652406417112,1.0,0.1761006289308176,0.037037037037037035,1.0,0.018867924528301886
elliptic,SAGE,default,pair,3,0.8633515429912494,0.6562923500776814,,-1,25.0,0.13875439763069153,0.8639075741365612,0.009931863245468398,0.6571126630964064,0.017760416205408462,0.47065527065527063,0.36907953529937443,0.64937106918239,0.2994652406417112,1.0,0.1761006289308176,0.037037037037037035,1.0,0.018867924528301886
elliptic,SAGE,default,pair,4,0.8614962924802578,0.656703588895391,,-1,25.0,0.13618150353431702,0.8615674050809722,0.009011919260211278,0.6554917614771059,0.016762024534386064,0.4774928774928775,0.3744414655942806,0.6588050314465409,0.2994652406417112,1.0,0.1761006289308176,0.037037037037037035,1.0,0.018867924528301886
elliptic,SAGE,xavier,none,1,0.8839743979603274,0.658699497455434,,-1,17.4,0.24509882926940918,0.8855894043320225,0.007158981426713537,0.6628909137771334,0.01610647398125269,0.4774928774928775,0.3744414655942806,0.6588050314465409,0.2994652406417112,1.0,0.1761006289308176,0.037037037037037035,1.0,0.018867924528301886
elliptic,SAGE,xavier,none,2,0.869614764967814,0.65958218128721,,-1,17.4,0.2832578122615814,0.8689746423719287,0.008761982065623116,0.6586674802384749,0.016865803809946685,0.4877492877492878,0.38248436103663985,0.6729559748427673,0.2967914438502674,0.9910714285714286,0.17452830188679244,0.037037037037037035,1.0,0.018867924528301886
elliptic,SAGE,xavier,none,3,0.8707166460362095,0.6531158318909882,,-1,17.4,0.26743102073669434,0.8713970979473409,0.008490223167077569,0.6543215399266168,0.018147048514678098,0.4672364672364672,0.36639857015192134,0.6446540880503144,0.2994652406417112,1.0,0.1761006289308176,0.037037037037037035,1.0,0.018867924528301886
elliptic,SAGE,xavier,none,4,0.8736582749598719,0.649867709253032,,-1,17.4,0.2708238661289215,0.8736284111800061,0.007680938962016046,0.6489466869404275,0.01709100396783129,0.4672364672364672,0.36639857015192134,0.6446540880503144,0.2994652406417112,1.0,0.1761006289308176,0.037037037037037035,1.0,0.018867924528301886
elliptic,SAGE,xavier,batch,0,0.8683171628709011,0.6527062784524141,0.8754390295512305,396,49.6,0.3000509738922119,0.869034306344359,0.009782970374171165,0.6550793058972136,0.01752398221207626,0.47635327635327634,0.3735478105451296,0.6572327044025157,0.2994652406417112,1.0,0.1761006289308176,0.037037037037037035,1.0,0.018867924528301886
elliptic,SAGE,xavier,batch,1,0.8683829000937313,0.6459715676606161,,-1,19.2,0.2640607953071594,0.8698367972197816,0.008502903987858943,0.6499485839186407,0.016175616966625964,0.46951566951566953,0.3681858802502234,0.6477987421383647,0.2994652406417112,1.0,0.1761006289308176,0.037037037037037035,1.0,0.018867924528301886
elliptic,SAGE,xavier,batch,2,0.8630976870037659,0.660479526263081,,-1,19.2,0.2961244583129883,0.8624015400226728,0.009422238631047415,0.6596065302326645,0.01672061851007861,0.4774928774928775,0.3744414655942806,0.6588050314465409,0.2994652406417112,1.0,0.1761006289308176,0.037037037037037035,1.0,0.018867924528301886
elliptic,SAGE,xavier,batch,3,0.8733413649015105,0.661954869019301,,-1,19.2,0.2965603172779083,0.8739632745665221,0.008861035491928492,0.6628787322293627,0.017897168035580346,0.4717948717948718,0.3699731903485255,0.6509433962264151,0.2994652406417112,1.0,0.1761006289308176,0.037037037037037035,1.0,0.018867924528301886
elliptic,SAGE,xavier,batch,4,0.8792431066845066,0.663824612977346,,-1,19.2,0.29069530963897705,0.8794645973354781,0.00763411186006263,0.6629292642887563,0.016800461193310932,0.47977207977207975,0.3762287756925827,0.6619496855345912,0.2994652406417112,1.0,0.1761006289308176,0.037037037037037035,1.0,0.018867924528301886
elliptic,SAGE,xavier,layer,0,0.900369947028618,0.6697741087272173,0.8686323511380878,148,48.9,0.30411583185195923,0.9015161232233498,0.0069486533576211575,0.6723605636184867,0.016826741115479937,0.4911680911680912,0.38516532618409294,0.6776729559748428,0.29411764705882354,0.9821428571428571,0.17295597484276728,0.037037037037037035,1.0,0.018867924528301886
elliptic,SAGE,xavier,layer,1,0.9037207566250004,0.6610025086142015,,-1,18.9,0.27049073576927185,0.9058391710459331,0.00567747793758151,0.66605134459419,0.01556255468803363,0.4740740740740741,0.3717605004468275,0.6540880503144654,0.29411764705882354,0.9821428571428571,0.17295597484276728,0.037037037037037035,1.0,0.018867924528301886
elliptic,SAGE,xavier,layer,2,0.8892746665140251,0.6630603270618146,,-1,18.9,0.3137305676937103,0.8888071903458439,0.0065586034714964336,0.6619842547219881,0.016644448172388162,0.48205128205128206,0.3780160857908847,0.6650943396226415,0.2967914438502674,0.9910714285714286,0.17452830188679244,0.037037037037037035,1.0,0.018867924528301886
elliptic,SAGE,xavier,layer,3,0.8926097498586874,0.6566403727906981,,-1,18.9,0.3052692115306854,0.892994565287844,0.007019893381502065,0.6575044344208345,0.01852800423035345,0.4717948717948718,0.3699731903485255,0.6509433962264151,0.2994652406417112,1.0,0.1761006289308176,0.037037037037037035,1.0,0.018867924528301886
elliptic,SAGE,xavier,layer,4,0.9046522575444271,0.6640167861388898,,-1,18.9,0.3079681992530823,0.9039872415168902,0.0067337267387259075,0.6628284734023251,0.017288759900891834,0.47863247863247865,0.3753351206434316,0.660377358490566,0.2967914438502674,0.9910714285714286,0.17452830188679244,0.037037037037037035,1.0,0.018867924528301886
elliptic,SAGE,xavier,graph,0,0.8685643109785037,0.6540781383893791,0.8757070827945511,396,79.7,0.299198180437088,0.8692712980340624,0.009848051900006233,0.6565737766090998,0.01756267537839926,0.47977207977207975,0.3762287756925827,0.6619496855345912,0.2994652406417112,1.0,0.1761006289308176,0.037037037037037035,1.0,0.018867924528301886
elliptic,SAGE,xavier,graph,1,0.8674245676547822,0.6439273220489935,,-1,32.1,0.2663819193840027,0.8689566211447943,0.008414719843277005,0.6480575828091927,0.016274463477777557,0.46609686609686607,0.36550491510277033,0.6430817610062893,0.2994652406417112,1.0,0.1761006289308176,0.040061633281972264,1.0,0.020440251572327043
elliptic,SAGE,xavier,graph,2,0.8634633409892601,0.6621447530638952,,-1,32.1,0.29648861289024353,0.8628142644102189,0.009459285625189159,0.6613492352548315,0.016682965349380113,0.47635327635327634,0.3735478105451296,0.6572327044025157,0.2994652406417112,1.0,0.1761006289308176,0.037037037037037035,1.0,0.018867924528301886
elliptic,SAGE,xavier,graph,3,0.8727442145281348,0.6614079518613964,,-1,32.1,0.2972224950790405,0.8733642574775173,0.008935498203642379,0.6624092996942352,0.017907137210991197,0.4752136752136752,0.3726541554959786,0.6556603773584906,0.2994652406417112,1.0,0.1761006289308176,0.037037037037037035,1.0,0.018867924528301886
elliptic,SAGE,xavier,graph,4,0.8794333123451225,0.6638697913013967,,-1,32.1,0.2891925275325775,0.8796951824243275,0.007618615441356291,0.6629957676771098,0.016889117381516463,0.4809116809116809,0.3771224307417337,0.6635220125786163,0.2994652406417112,1.0,0.1761006289308176,0.037037037037037035,1.0,0.018867924528301886
elliptic,SAGE,xavier,pair,0,0.8640531872267657,0.6560995779814477,0.891625561538731,395,62.6,0.14389987289905548,0.8649297774819011,0.009967767910392855,0.659083813283308,0.017262747017012907,0.47293447293447294,0.3708668453976765,0.6525157232704403,0.2967914438502674,0.9910714285714286,0.17452830188679244,0.037037037037037035,1.0,0.018867924528301886
elliptic,SAGE,xavier,pair,1,0.8633888089905863,0.6560046682636859,,-1,25.0,0.13985955715179443,0.8651372721657391,0.009161478144604175,0.6600179867525229,0.01596126442609805,0.47293447293447294,0.3708668453976765,0.6525157232704403,0.2994652406417112,1.0,0.1761006289308176,0.037037037037037035,1.0,0.018867924528301886
elliptic,SAGE,xavier,pair,2,0.8572764397793377,0.6533315645523636,,-1,25.0,0.14726483821868896,0.8563867260925346,0.009713508076229954,0.6522237663000073,0.017530471736493306,0.4683760683760684,0.3672922252010724,0.6462264150943396,0.2994652406417112,1.0,0.1761006289308176,0.037037037037037035,1.0,0.018867924528301886
elliptic,SAGE,xavier,pair,3,0.8610028906490366,0.6533856504193131,,-1,25.0,0.14314447343349457,0.8617833882219702,0.010196607515144542,0.6545719464157816,0.01798367769715637,0.4717948717948718,0.3699731903485255,0.6509433962264151,0.2994652406417112,1.0,0.1761006289308176,0.037037037037037035,1.0,0.018867924528301886
elliptic,SAGE,xavier,pair,4,0.8656415386505057,0.659192241374486,,-1,25.0,0.14453811943531036,0.8658446904893319,0.008732723423583954,0.6580596639084817,0.016358458845473628,0.4752136752136752,0.3726541554959786,0.6556603773584906,0.2994652406417112,1.0,0.1761006289308176,0.037037037037037035,1.0,0.018867924528301886
elliptic,SAGE,kaiming,none,0,0.872197000593871,0.6513177799167845,0.8707279448196534,163,45.5,0.2732711136341095,0.8731304269946701,0.009344921183755447,0.6536273238841026,0.01753464971291243,0.47977207977207975,0.3762287756925827,0.6619496855345912,0.2994652406417112,1.0,0.1761006289308176,0.037037037037037035,1.0,0.018867924528301886
elliptic,SAGE,kaiming,none,1,0.883193228082226,0.6569513126714703,,-1,17.4,0.24730634689331055,0.8848412087967749,0.00721063807175823,0.6611171419507746,0.01607288164712668,0.4752136752136752,0.3726541554959786,0.6556603773584906,0.2994652406417112,1.0,0.1761006289308176,0.037037037037037035,1.0,0.018867924528301886
elliptic,SAGE,kaiming,none,2,0.8696773718467002,0.6596615303870285,,-1,17.4,0.28396856784820557,0.8690294211717853,0.00875055956569475,0.6587413565752317,0.016878417935168127,0.4888888888888889,0.38337801608579086,0.6745283018867925,0.2967914438502674,0.9910714285714286,0.17452830188679244,0.037037037037037035,1.0,0.018867924528301886
elliptic,SAGE,kaiming,none,3,0.8699938347130698,0.651189560385074,,-1,17.4,0.2680053114891052,0.8706430292877275,0.008527912198914507,0.6523702066146561,0.018215338738256367,0.4638176638176638,0.36371760500446826,0.639937106918239,0.2994652406417112,1.0,0.1761006289308176,0.037037037037037035,1.0,0.018867924528301886
elliptic,SAGE,kaiming,none,4,0.8737363844944823,0.6496813357716488,,-1,17.4,0.2712595760822296,0.8736905576696572,0.007682741532516814,0.6487611005772286,0.01710183251466103,0.4672364672364672,0.36639857015192134,0.6446540880503144,0.2994652406417112,1.0,0.1761006289308176,0.037037037037037035,1.0,0.018867924528301886
elliptic,SAGE,kaiming,batch,0,0.8688283033178068,0.6532379787288711,0.8751514971475378,396,49.5,0.3005008399486542,0.869548676230953,0.009761241582707669,0.6557396155032003,0.017572506667793954,0.4831908831908832,0.37890974084003576,0.6666666666666666,0.2994652406417112,1.0,0.1761006289308176,0.037037037037037035,1.0,0.018867924528301886
elliptic,SAGE,kaiming,batch,1,0.8689220645721387,0.645309220903388,,-1,19.2,0.2647384703159332,0.8704168801981248,0.008379834591584255,0.6493212190322901,0.01624149627463662,0.4672364672364672,0.36639857015192134,0.6446540880503144,0.2994652406417112,1.0,0.1761006289308176,0.040061633281972264,1.0,0.020440251572327043
elliptic,SAGE,kaiming,batch,2,0.8624649103350244,0.6597579827040174,,-1,19.2,0.2968316972255707,0.8617696428652457,0.009480729106274352,0.6588709254191102,0.01674441814928075,0.4752136752136752,0.3726541554959786,0.6556603773584906,0.2994652406417112,1.0,0.1761006289308176,0.037037037037037035,1.0,0.018867924528301886
elliptic,SAGE,kaiming,batch,3,0.8737125342549066,0.6619195518588519,,-1,19.2,0.29644566774368286,0.8743249139801823,0.008863391072856977,0.6628263141113405,0.01789828018566648,0.47293447293447294,0.3708668453976765,0.6525157232704403,0.2994652406417112,1.0,0.1761006289308176,0.037037037037037035,1.0,0.018867924528301886
elliptic,SAGE,kaiming,batch,4,0.8790168275365325,0.6630835617322921,,-1,19.2,0.2910604774951935,0.8792561170405745,0.007636464597436275,0.6622587652717652,0.016828056725512595,0.47977207977207975,0.3762287756925827,0.6619496855345912,0.2994652406417112,1.0,0.1761006289308176,0.037037037037037035,1.0,0.018867924528301886
elliptic,SAGE,kaiming,layer,0,0.9004684783308649,0.6699414984225694,0.8683154816542862,147,49.0,0.3047420084476471,0.901604594709583,0.0069436329971866535,0.6725100965412136,0.01679411614636036,0.4911680911680912,0.38516532618409294,0.6776729559748428,0.29411764705882354,0.9821428571428571,0.17295597484276728,0.037037037037037035,1.0,0.018867924528301886
elliptic,SAGE,kaiming,layer,1,0.9028038639773137,0.6615707127432231,,-1,18.9,0.27232465147972107,0.9049339202026613,0.005711231995094786,0.6666112111175346,0.015499386136905043,0.47977207977207975,0.3762287756925827,0.6619496855345912,0.29411764705882354,0.9821428571428571,0.17295597484276728,0.037037037037037035,1.0,0.018867924528301886
elliptic,SAGE,kaiming,layer,2,0.8894899149261954,0.6629900577461311,,-1,18.9,0.3147568702697754,0.889002544872472,0.006551192436261436,0.661902616184712,0.016616499800345286,0.48205128205128206,0.3780160857908847,0.6650943396226415,0.2967914438502674,0.9910714285714286,0.17452830188679244,0.037037037037037035,1.0,0.018867924528301886
elliptic,SAGE,kaiming,layer,3,0.8925715149433677,0.6557834499306334,,-1,18.9,0.30580785870552063,0.8929713575656989,0.006988090153102776,0.6567377399051425,0.018527667577074455,0.46951566951566953,0.3681858802502234,0.6477987421383647,0.2967914438502674,0.9910714285714286,0.17452830188679244,0.037037037037037035,1.0,0.018867924528301886
elliptic,SAGE,kaiming,layer,4,0.9046050042572678,0.6638767307039272,,-1,18.9,0.30883461236953735,0.9039428922527601,0.006721909317679894,0.6626998972340401,0.01725693448657944,0.4774928774928775,0.3744414655942806,0.6588050314465409,0.2967914438502674,0.9910714285714286,0.17452830188679244,0.037037037037037035,1.0,0.018867924528301886
elliptic,SAGE,kaiming,graph,0,0.8685908443700316,0.6538478304479327,0.8756244197945213,396,79.7,0.2998896837234497,0.8692993236578554,0.009807079498887723,0.6562726231473485,0.01761264137915296,0.47977207977207975,0.3762287756925827,0.6619496855345912,0.2994652406417112,1.0,0.1761006289308176,0.037037037037037035,1.0,0.018867924528301886
elliptic,SAGE,kaiming,graph,1,0.867858642015059,0.6455459737488464,,-1,32.1,0.26560959219932556,0.8693232836447088,0.008467460558492877,0.6495917672762076,0.016219512673050326,0.46609686609686607,0.36550491510277033,0.6430817610062893,0.2994652406417112,1.0,0.1761006289308176,0.037037037037037035,1.0,0.018867924528301886
elliptic,SAGE,kaiming,graph,2,0.8634162367660982,0.6612328044490269,,-1,32.1,0.2974463701248169,0.8627532664459874,0.009455540364927675,0.6603941625345122,0.01669603756699855,0.4752136752136752,0.3726541554959786,0.6556603773584906,0.2994652406417112,1.0,0.1761006289308176,0.037037037037037035,1.0,0.018867924528301886
elliptic,SAGE,kaiming,graph,3,0.8735660043455137,0.6607049137389546,,-1,32.1,0.29695937037467957,0.8741948832072852,0.00888554942984055,0.6616127841697903,0.017862851719630674,0.47065527065527063,0.36907953529937443,0.64937106918239,0.2994652406417112,1.0,0.1761006289308176,0.037037037037037035,1.0,0.018867924528301886
elliptic,SAGE,kaiming,graph,4,0.8792301381167373,0.6634579331800805,,-1,32.1,0.29034844040870667,0.8794819248619854,0.007629997648811162,0.6625724468580174,0.016878004953506446,0.47863247863247865,0.3753351206434316,0.660377358490566,0.2994652406417112,1.0,0.1761006289308176,0.037037037037037035,1.0,0.018867924528301886
elliptic,SAGE,kaiming,pair,0,0.8632155220936694,0.6550293839656427,0.8915390086871768,395,62.6,0.1439015120267868,0.8641045484494932,0.01004805645521279,0.6580261595666436,0.017277487235295177,0.47293447293447294,0.3708668453976765,0.6525157232704403,0.2967914438502674,0.9910714285714286,0.17452830188679244,0.037037037037037035,1.0,0.018867924528301886
elliptic,SAGE,kaiming,pair,1,0.8639475753846447,0.6564522590982051,,-1,25.0,0.1401858925819397,0.8656989875031278,0.009128014011093546,0.6604768036527353,0.01597376525687726,0.4752136752136752,0.3726541554959786,0.6556603773584906,0.2994652406417112,1.0,0.1761006289308176,0.037037037037037035,1.0,0.018867924528301886
elliptic,SAGE,kaiming,pair,2,0.8580317470538992,0.653559179090819,,-1,25.0,0.14747247099876404,0.857143114496186,0.009680435153169941,0.652471354375859,0.01756469349062418,0.46609686609686607,0.36550491510277033,0.6430817610062893,0.2994652406417112,1.0,0.1761006289308176,0.037037037037037035,1.0,0.018867924528301886
elliptic,SAGE,kaiming,pair,3,0.861167606366106,0.6534183716049553,,-1,25.0,0.14315265417099,0.8619472877854224,0.01020276665413316,0.6545921972077215,0.018014993657217253,0.4717948717948718,0.3699731903485255,0.6509433962264151,0.2994652406417112,1.0,0.1761006289308176,0.037037037037037035,1.0,0.018867924528301886
elliptic,SAGE,kaiming,pair,4,0.8659185740895767,0.6592254797587406,,-1,25.0,0.1445043385028839,0.8661309312159713,0.008697643617418057,0.6580888768993135,0.01636489073032933,0.4752136752136752,0.3726541554959786,0.6556603773584906,0.2994652406417112,1.0,0.1761006289308176,0.037037037037037035,1.0,0.018867924528301886
