dataset,model,norm,stats,seed,init,layers,n_stat_nodes,auc,auprc,mad,mad_random,train_time_s,boot_auc_mean,boot_auc_std,boot_auprc_mean,boot_auprc_std,f1@90,prec@90,rec@90,f1@99,prec@99,rec@99,f1@99.9,prec@99.9,rec@99.9
elliptic,GCN,none,all,1,default,2,203769,0.8656210423508703,0.5365499282815303,0.07051471620798111,0.3874131143093109,32.1,0.8677120799539818,0.0070958827245634565,0.5401376509366967,0.021785563742744134,0.43988603988603986,0.3449508489722967,0.6069182389937107,0.25668449197860965,0.8571428571428571,0.1509433962264151,0.024691358024691357,0.6666666666666666,0.012578616352201259
elliptic,GCN,none,all,2,default,2,203769,0.8686053035777745,0.58337527881863,0.06501778960227966,0.349762886762619,31.2,0.8675118518358884,0.007882360510984083,0.5790959741287244,0.01889258022479476,0.4444444444444444,0.3485254691689008,0.6132075471698113,0.2807486631016043,0.9375,0.1650943396226415,0.037037037037037035,1.0,0.018867924528301886
elliptic,GCN,none,all,3,default,2,203769,0.8706139409420368,0.5771212040495537,0.061410289257764816,0.3515278398990631,31.2,0.8707512875519644,0.008194712700727776,0.5794488069709903,0.020290959021271687,0.441025641025641,0.34584450402144773,0.6084905660377359,0.27807486631016043,0.9285714285714286,0.16352201257861634,0.037037037037037035,1.0,0.018867924528301886
elliptic,GCN,layer,all,1,default,2,203769,0.8623638449448224,0.6093378169292712,0.07630588859319687,0.4592396914958954,36.1,0.8656498603100219,0.00829167091771289,0.6153417142300655,0.01669198605851911,0.45925925925925926,0.36014298480786416,0.6336477987421384,0.2967914438502674,0.9910714285714286,0.17452830188679244,0.037037037037037035,1.0,0.018867924528301886
elliptic,GCN,layer,all,2,default,2,203769,0.8605509286090779,0.617472262002434,0.06945232301950455,0.4276372492313385,36.2,0.8599286211355096,0.00999290989811823,0.6153044299399354,0.0178884776600592,0.4717948717948718,0.3699731903485255,0.6509433962264151,0.2967914438502674,0.9910714285714286,0.17452830188679244,0.037037037037037035,1.0,0.018867924528301886
elliptic,GCN,layer,all,3,default,2,203769,0.8595458646069599,0.6004223808908814,0.07043427973985672,0.44056016206741333,36.1,0.8597808128657215,0.00949259283987623,0.601724125426463,0.019162945227189386,0.4603988603988604,0.3610366398570152,0.6352201257861635,0.29411764705882354,0.9821428571428571,0.17295597484276728,0.037037037037037035,1.0,0.018867924528301886
elliptic,GCN,batch,all,1,default,2,203769,0.871156086700391,0.5273367178913756,0.07634031027555466,0.44661739468574524,47.7,0.8734057020870813,0.006896566700562672,0.5321147494631492,0.02172623238502448,0.43304843304843305,0.33958891867739055,0.5974842767295597,0.2540106951871658,0.8482142857142857,0.14937106918238993,0.024691358024691357,0.6666666666666666,0.012578616352201259
elliptic,GCN,batch,all,2,default,2,203769,0.8688126515980852,0.5705436553882968,0.07482051849365234,0.4083723723888397,47.7,0.8678566469419328,0.007957608454124196,0.5676345943241676,0.019241328872641298,0.43874643874643876,0.34405719392314565,0.6053459119496856,0.27540106951871657,0.9196428571428571,0.1619496855345912,0.033950617283950615,0.9166666666666666,0.01729559748427673
elliptic,GCN,batch,all,3,default,2,203769,0.8770289100679016,0.5906743308882806,0.06918829679489136,0.4042307436466217,47.7,0.8773439692358339,0.00805260744788278,0.593935026832647,0.019375143243412028,0.4478632478632479,0.3512064343163539,0.6179245283018868,0.27807486631016043,0.9285714285714286,0.16352201257861634,0.030864197530864196,0.8333333333333334,0.015723270440251572
elliptic,GCN,graph,all,1,default,2,203769,0.8675439679166577,0.5218256726583955,0.07778353989124298,0.44912078976631165,51.4,0.8698096532691298,0.007006245878763545,0.5273095932231372,0.021568814645222915,0.43304843304843305,0.33958891867739055,0.5974842767295597,0.25133689839572193,0.8392857142857143,0.14779874213836477,0.018518518518518517,0.5,0.009433962264150943
elliptic,GCN,graph,all,2,default,2,203769,0.8685426966988884,0.579364953532595,0.07783821225166321,0.41567865014076233,51.4,0.8676251716573126,0.008044757049673315,0.5760351322178148,0.01857563709731408,0.43874643874643876,0.34405719392314565,0.6053459119496856,0.28342245989304815,0.9464285714285714,0.16666666666666666,0.037037037037037035,1.0,0.018867924528301886
elliptic,GCN,graph,all,3,default,2,203769,0.8729560344683664,0.5800771701269059,0.07038844376802444,0.40090304613113403,51.4,0.873410906903711,0.008094564822256574,0.5837922869927042,0.02040416128664496,0.441025641025641,0.34584450402144773,0.6084905660377359,0.27807486631016043,0.9285714285714286,0.16352201257861634,0.030864197530864196,0.8333333333333334,0.015723270440251572
elliptic,SAGE,none,all,1,default,2,203769,0.8800674305898403,0.6613726751819108,0.2173416018486023,0.3998335301876068,17.7,0.8816367389277657,0.007425676007341389,0.6652386634023273,0.016270633614527172,0.46951566951566953,0.3681858802502234,0.6477987421383647,0.2994652406417112,1.0,0.1761006289308176,0.037037037037037035,1.0,0.018867924528301886
elliptic,SAGE,none,all,2,default,2,203769,0.8762078655705097,0.6626921510576911,0.2352210432291031,0.42549702525138855,17.7,0.8755171550333779,0.008282277427704937,0.6614359780062243,0.01672101927595419,0.47635327635327634,0.3735478105451296,0.6572327044025157,0.2994652406417112,1.0,0.1761006289308176,0.037037037037037035,1.0,0.018867924528301886
elliptic,SAGE,none,all,3,default,2,203769,0.8741712041747459,0.6594551704101969,0.22672736644744873,0.40551304817199707,17.7,0.8748066129313689,0.00850743788444845,0.6607852675916849,0.01782567987093494,0.46609686609686607,0.36550491510277033,0.6430817610062893,0.2994652406417112,1.0,0.1761006289308176,0.040061633281972264,1.0,0.020440251572327043
elliptic,SAGE,layer,all,1,default,2,203769,0.8982690390499972,0.661148744939637,0.2301941215991974,0.4110599160194397,19.1,0.9004095041906252,0.006091095547377442,0.6659439776296359,0.015533150622266368,0.47635327635327634,0.3735478105451296,0.6572327044025157,0.29411764705882354,0.9821428571428571,0.17295597484276728,0.037037037037037035,1.0,0.018867924528301886
elliptic,SAGE,layer,all,2,default,2,203769,0.8897343798818459,0.6599876863548347,0.24795089662075043,0.4412591755390167,19.1,0.889306882054068,0.00653105699280563,0.6585020330885881,0.016649960186548806,0.47293447293447294,0.3708668453976765,0.6525157232704403,0.2967914438502674,0.9910714285714286,0.17452830188679244,0.037037037037037035,1.0,0.018867924528301886
elliptic,SAGE,layer,all,3,default,2,203769,0.8933087854742502,0.6626996679579383,0.24389591813087463,0.42339766025543213,19.1,0.8937232194290492,0.006951827322748618,0.6635556416498631,0.01825241631144432,0.4740740740740741,0.3717605004468275,0.6540880503144654,0.2994652406417112,1.0,0.1761006289308176,0.037037037037037035,1.0,0.018867924528301886
elliptic,SAGE,batch,all,1,default,2,203769,0.8676596415785996,0.6475217709401448,0.2365044206380844,0.4081878364086151,26.0,0.8691044088137241,0.008224962624234148,0.6509189253930479,0.016447097978847487,0.46267806267806266,0.36282394995531725,0.6383647798742138,0.2994652406417112,1.0,0.1761006289308176,0.037037037037037035,1.0,0.018867924528301886
elliptic,SAGE,batch,all,2,default,2,203769,0.8634514158694724,0.6569668290296002,0.24351876974105835,0.4182514548301697,26.0,0.8626880730044216,0.009253432250208806,0.6554915080064235,0.016543395595117864,0.4774928774928775,0.3744414655942806,0.6588050314465409,0.2994652406417112,1.0,0.1761006289308176,0.037037037037037035,1.0,0.018867924528301886
elliptic,SAGE,batch,all,3,default,2,203769,0.8671953072268611,0.6520510817919402,0.24632138013839722,0.40725430846214294,26.0,0.8679850396532846,0.00909319624100886,0.653207254490912,0.017959891527913788,0.46495726495726497,0.3646112600536193,0.6415094339622641,0.2994652406417112,1.0,0.1761006289308176,0.037037037037037035,1.0,0.018867924528301886
elliptic,SAGE,graph,all,1,default,2,203769,0.8691932119833145,0.647587476603671,0.2370457798242569,0.4065181314945221,27.9,0.8706479457079023,0.008045328884214735,0.6510739214709949,0.01624770489183728,0.46267806267806266,0.36282394995531725,0.6383647798742138,0.2994652406417112,1.0,0.1761006289308176,0.037037037037037035,1.0,0.018867924528301886
elliptic,SAGE,graph,all,2,default,2,203769,0.8632564401609414,0.6566032113524006,0.24379804730415344,0.4178675413131714,27.9,0.8625213084709479,0.009273916688855804,0.6551804701825331,0.016522908730520872,0.4752136752136752,0.3726541554959786,0.6556603773584906,0.2994652406417112,1.0,0.1761006289308176,0.037037037037037035,1.0,0.018867924528301886
elliptic,SAGE,graph,all,3,default,2,203769,0.8699568668417272,0.6563058936562111,0.2507222294807434,0.4168539047241211,27.9,0.8706519852506182,0.008946037577246034,0.6573382357918969,0.01801041095839756,0.4672364672364672,0.36639857015192134,0.6446540880503144,0.2994652406417112,1.0,0.1761006289308176,0.037037037037037035,1.0,0.018867924528301886
elliptic,GCN,none,notest,1,default,2,192585,0.8655143125287693,0.5384346368606349,0.07049538195133209,0.3876453936100006,31.3,0.8676190338427555,0.007101694822971802,0.5421678701043731,0.02167347953754692,0.441025641025641,0.34584450402144773,0.6084905660377359,0.25668449197860965,0.8571428571428571,0.1509433962264151,0.027777777777777776,0.75,0.014150943396226415
elliptic,GCN,none,notest,2,default,2,192585,0.8684200170290711,0.5838446689126716,0.0649164691567421,0.3498450815677643,31.3,0.8673230236502597,0.007890057387951318,0.5795854221683653,0.01894115315858627,0.44672364672364673,0.35031277926720283,0.6163522012578616,0.27807486631016043,0.9285714285714286,0.16352201257861634,0.037037037037037035,1.0,0.018867924528301886
elliptic,GCN,none,notest,3,default,2,192585,0.8703702213063729,0.5770269873996773,0.061549894511699677,0.3522477149963379,31.3,0.8704933210621949,0.00820824790538489,0.5793120548896487,0.02024507534806677,0.441025641025641,0.34584450402144773,0.6084905660377359,0.27807486631016043,0.9285714285714286,0.16352201257861634,0.037037037037037035,1.0,0.018867924528301886
elliptic,GCN,layer,notest,1,default,2,192585,0.861348420994889,0.6063268055014541,0.07657192647457123,0.4593334496021271,36.1,0.8646266736754421,0.008362413007404805,0.6123849926214531,0.016836769425213997,0.45356125356125354,0.355674709562109,0.6257861635220126,0.29411764705882354,0.9821428571428571,0.17295597484276728,0.037037037037037035,1.0,0.018867924528301886
elliptic,GCN,layer,notest,2,default,2,192585,0.8610653484639252,0.6158290279564036,0.06973626464605331,0.4275645911693573,36.1,0.8603821358885761,0.009849648067703571,0.6135942153954325,0.01781767160875644,0.46267806267806266,0.36282394995531725,0.6383647798742138,0.2967914438502674,0.9910714285714286,0.17452830188679244,0.037037037037037035,1.0,0.018867924528301886
elliptic,GCN,layer,notest,3,default,2,192585,0.8596358247293594,0.6000499469603878,0.07047455757856369,0.44016405940055847,36.1,0.8598899984797298,0.009454723106511301,0.6013711726719457,0.01913161634633961,0.4603988603988604,0.3610366398570152,0.6352201257861635,0.29411764705882354,0.9821428571428571,0.17295597484276728,0.037037037037037035,1.0,0.018867924528301886
elliptic,GCN,batch,notest,1,default,2,192585,0.8745045112728158,0.5447772561445468,0.07750792056322098,0.45426493883132935,49.8,0.8767503536064658,0.006784059493495628,0.550250481700329,0.02072800129740522,0.43874643874643876,0.34405719392314565,0.6053459119496856,0.25935828877005346,0.8660714285714286,0.15251572327044025,0.027777777777777776,0.75,0.014150943396226415
elliptic,GCN,batch,notest,2,default,2,192585,0.8676674674384606,0.5749287411522017,0.0739038735628128,0.409283310174942,49.8,0.8667966879913077,0.008007387146485445,0.571430788992823,0.018122183774243645,0.43874643874643876,0.34405719392314565,0.6053459119496856,0.28342245989304815,0.9464285714285714,0.16666666666666666,0.030864197530864196,0.8333333333333334,0.015723270440251572
elliptic,GCN,batch,notest,3,default,2,192585,0.8769551233892144,0.588645497766209,0.0691094696521759,0.40202581882476807,49.8,0.8772545349129957,0.008039699400401874,0.5917281687558654,0.019588242850989993,0.4455840455840456,0.3494191242180518,0.6147798742138365,0.27807486631016043,0.9285714285714286,0.16352201257861634,0.033950617283950615,0.9166666666666666,0.01729559748427673
elliptic,GCN,graph,notest,1,default,2,192585,0.8705107886558721,0.5512358430494362,0.07851086556911469,0.4527173936367035,53.3,0.8727389258094148,0.0069176880176441,0.5563329009099498,0.020312341572999913,0.43874643874643876,0.34405719392314565,0.6053459119496856,0.2647058823529412,0.8839285714285714,0.15566037735849056,0.030864197530864196,0.8333333333333334,0.015723270440251572
elliptic,GCN,graph,notest,2,default,2,192585,0.8669416748353738,0.5715349604259249,0.07596947997808456,0.4091709554195404,53.3,0.8660999427766695,0.008211674330893946,0.5686194084864877,0.01907304420355275,0.441025641025641,0.34584450402144773,0.6084905660377359,0.2887700534759358,0.9642857142857143,0.16981132075471697,0.030864197530864196,0.8333333333333334,0.015723270440251572
elliptic,GCN,graph,notest,3,default,2,192585,0.8736825723914396,0.5732722437608011,0.07003778964281082,0.4036042392253876,53.3,0.8739664822334298,0.00819461303716297,0.5767853393569419,0.021050998784610194,0.4455840455840456,0.3494191242180518,0.6147798742138365,0.26737967914438504,0.8928571428571429,0.15723270440251572,0.030864197530864196,0.8333333333333334,0.015723270440251572
elliptic,SAGE,none,notest,1,default,2,192585,0.879973073079519,0.6615823489025748,0.21729329228401184,0.3997446894645691,17.7,0.8815544549249494,0.007437257122497734,0.6654503997363131,0.01624932345531539,0.46951566951566953,0.3681858802502234,0.6477987421383647,0.2994652406417112,1.0,0.1761006289308176,0.037037037037037035,1.0,0.018867924528301886
elliptic,SAGE,none,notest,2,default,2,192585,0.876046429261382,0.6628429518340659,0.23536238074302673,0.4255984425544739,17.7,0.8753544439493653,0.008290257729929439,0.6615653639634543,0.01672034793124104,0.47635327635327634,0.3735478105451296,0.6572327044025157,0.2994652406417112,1.0,0.1761006289308176,0.037037037037037035,1.0,0.018867924528301886
elliptic,SAGE,none,notest,3,default,2,192585,0.8748853697860395,0.6599701598584129,0.22679294645786285,0.40540966391563416,17.7,0.8755060339946755,0.00844996152375007,0.6612977589759518,0.01779181090812387,0.4683760683760684,0.3672922252010724,0.6462264150943396,0.2994652406417112,1.0,0.1761006289308176,0.037037037037037035,1.0,0.018867924528301886
elliptic,SAGE,layer,notest,1,default,2,192585,0.8981272791885194,0.6603210856681421,0.23055048286914825,0.4113498032093048,19.1,0.9002623788176349,0.006103684685527224,0.6650946278161824,0.01551492986018775,0.4740740740740741,0.3717605004468275,0.6540880503144654,0.29411764705882354,0.9821428571428571,0.17295597484276728,0.037037037037037035,1.0,0.018867924528301886
elliptic,SAGE,layer,notest,2,default,2,192585,0.8896081226760923,0.6598753420345058,0.24833422899246216,0.4411799907684326,19.1,0.8891923118006874,0.006524569851634577,0.6583861997738978,0.016640421525573146,0.47293447293447294,0.3708668453976765,0.6525157232704403,0.2967914438502674,0.9910714285714286,0.17452830188679244,0.037037037037037035,1.0,0.018867924528301886
elliptic,SAGE,layer,notest,3,default,2,192585,0.8930542586987786,0.6620803486174516,0.2437644749879837,0.4232665002346039,19.1,0.8934842224946575,0.006916717235401204,0.6629868905670047,0.01822090922429207,0.4740740740740741,0.3717605004468275,0.6540880503144654,0.2994652406417112,1.0,0.1761006289308176,0.037037037037037035,1.0,0.018867924528301886
elliptic,SAGE,batch,notest,1,default,2,192585,0.8691474493361285,0.6490931696169909,0.2413863241672516,0.411799818277359,27.1,0.8705283152832679,0.008298586184524214,0.6524357614279264,0.016190394497877948,0.4683760683760684,0.3672922252010724,0.6462264150943396,0.2994652406417112,1.0,0.1761006289308176,0.037037037037037035,1.0,0.018867924528301886
elliptic,SAGE,batch,notest,2,default,2,192585,0.8642195426478059,0.659153929975261,0.2438015192747116,0.42036309838294983,27.1,0.8635362276004881,0.009099760606385563,0.6579637066224576,0.01645316077061453,0.47293447293447294,0.3708668453976765,0.6525157232704403,0.2994652406417112,1.0,0.1761006289308176,0.037037037037037035,1.0,0.018867924528301886
elliptic,SAGE,batch,notest,3,default,2,192585,0.8725192769561371,0.655863142380367,0.24812860786914825,0.40806448459625244,27.1,0.8731834751072617,0.008836866355065516,0.6569560878839567,0.01813068920646901,0.46951566951566953,0.3681858802502234,0.6477987421383647,0.2994652406417112,1.0,0.1761006289308176,0.037037037037037035,1.0,0.018867924528301886
elliptic,SAGE,graph,notest,1,default,2,192585,0.8682058120648822,0.6478626085245357,0.2391280084848404,0.40664994716644287,28.9,0.8696022117323752,0.008276380074439774,0.6511774121164305,0.016313484142788083,0.46495726495726497,0.3646112600536193,0.6415094339622641,0.2994652406417112,1.0,0.1761006289308176,0.037037037037037035,1.0,0.018867924528301886
elliptic,SAGE,graph,notest,2,default,2,192585,0.8635752880512685,0.6598655126558983,0.2443985641002655,0.4197547435760498,28.9,0.8629139085257025,0.0091853884737713,0.6586294388483175,0.016440543356869994,0.4740740740740741,0.3717605004468275,0.6540880503144654,0.2994652406417112,1.0,0.1761006289308176,0.037037037037037035,1.0,0.018867924528301886
elliptic,SAGE,graph,notest,3,default,2,192585,0.870706211556395,0.6540580638835591,0.2500557005405426,0.4115983843803406,28.9,0.8713314628996988,0.008875607127782592,0.6551162465836794,0.018041921130745004,0.46951566951566953,0.3681858802502234,0.6477987421383647,0.2994652406417112,1.0,0.1761006289308176,0.037037037037037035,1.0,0.018867924528301886
yelp,GCN,none,all,1,default,2,45954,0.585058990344159,0.192761419344454,6.0907947045052424e-05,0.0057313768193125725,66.7,0.5857558336544354,0.007089649663993594,0.19357616269444,0.007543562988343931,0.20301418439716312,0.24891304347826088,0.17140718562874252,0.0350140056022409,0.2717391304347826,0.0187125748502994,0.0014858841010401188,0.1,0.0007485029940119761
yelp,GCN,none,all,2,default,2,45954,0.5771886566734148,0.1948485602495001,8.028335287235677e-05,0.006783292628824711,66.7,0.5755204513562561,0.009080531325892776,0.19436759946119225,0.00856969427833282,0.2154255319148936,0.26413043478260867,0.18188622754491018,0.037815126050420166,0.29347826086956524,0.020209580838323353,0.0029717682020802376,0.2,0.0014970059880239522
yelp,GCN,none,all,3,default,2,45954,0.588005649215825,0.19392506640833165,8.946815796662122e-05,0.006861587055027485,66.7,0.5872232797632584,0.008581831082093807,0.194721855365873,0.0075410614939377734,0.20035460992907803,0.24565217391304348,0.1691616766467066,0.037815126050420166,0.29347826086956524,0.020209580838323353,0.0,0.0,0.0
yelp,GCN,layer,all,1,default,2,45954,0.5909294413972462,0.23034165274098947,0.00021063716849312186,0.01709180697798729,67.3,0.5917502960338876,0.007463402107826885,0.23197949659459183,0.010845912864636808,0.2349290780141844,0.28804347826086957,0.19835329341317365,0.06857942617214835,0.5268817204301075,0.036676646706586824,0.01188707280832095,0.8,0.005988023952095809
yelp,GCN,layer,all,2,default,2,45954,0.6072244354214178,0.24100520608009193,0.0004249058256391436,0.031290728598833084,67.3,0.6052332556131091,0.00898320410449748,0.23903198636545947,0.011023349963921741,0.2429078014184397,0.29782608695652174,0.20508982035928144,0.0741777466759972,0.5698924731182796,0.03967065868263473,0.01188707280832095,0.8,0.005988023952095809
yelp,GCN,layer,all,3,default,2,45954,0.6051617646834639,0.24309030287407962,0.0003128031676169485,0.021647274494171143,67.3,0.6047965368161846,0.008572763263168678,0.2444648387436402,0.011717981336013308,0.24822695035460993,0.30434782608695654,0.20958083832335328,0.06442577030812324,0.5,0.0344311377245509,0.014858841010401188,1.0,0.0074850299401197605
yelp,GCN,batch,all,1,default,2,45954,0.6314012917393319,0.26458828429815007,0.01861298456788063,0.47020745277404785,68.0,0.6310961078507995,0.007777960897310374,0.26561167137520303,0.011633396808290822,0.2570921985815603,0.31521739130434784,0.21706586826347304,0.0784313725490196,0.6086956521739131,0.041916167664670656,0.01337295690936107,0.9,0.006736526946107785
yelp,GCN,batch,all,2,default,2,45954,0.6296305047745648,0.27453868046333274,0.019485194236040115,0.4471729099750519,68.0,0.6274805922281346,0.009326009054225133,0.27171664027534914,0.012697674378731514,0.25354609929078015,0.3108695652173913,0.21407185628742514,0.09663865546218488,0.75,0.051646706586826345,0.014858841010401188,1.0,0.0074850299401197605
yelp,GCN,batch,all,3,default,2,45954,0.6301607737935534,0.27024163018608593,0.016684941947460175,0.41948947310447693,67.9,0.6293213585433421,0.008051005511089334,0.271415332553122,0.012340820536604295,0.2641843971631206,0.3239130434782609,0.22305389221556887,0.08823529411764706,0.6847826086956522,0.04715568862275449,0.016320474777448073,0.9166666666666666,0.008233532934131737
yelp,GCN,graph,all,1,default,2,45954,0.6349737357006964,0.26831516199103816,0.01794804446399212,0.42900270223617554,68.2,0.634792432280343,0.0076257333336274,0.26968835204975766,0.011705639688239686,0.25975177304964536,0.3184782608695652,0.21931137724550898,0.07703081232492998,0.5978260869565217,0.04116766467065868,0.01188707280832095,0.8,0.005988023952095809
yelp,GCN,graph,all,2,default,2,45954,0.6422605876586948,0.2850478098598223,0.01936904340982437,0.39966174960136414,68.1,0.640315827793834,0.00945785151963665,0.28229635772806483,0.012842934380989905,0.26684397163120566,0.32717391304347826,0.2252994011976048,0.09803921568627451,0.7608695652173914,0.05239520958083832,0.014858841010401188,1.0,0.0074850299401197605
yelp,GCN,graph,all,3,default,2,45954,0.6409712874403941,0.2831542915569585,0.01595071330666542,0.38819223642349243,68.1,0.6403532543744344,0.00791396468742104,0.2842984853144217,0.012529851282833262,0.2695035460992908,0.33043478260869563,0.2275449101796407,0.09103641456582633,0.7065217391304348,0.048652694610778445,0.014858841010401188,1.0,0.0074850299401197605
yelp,SAGE,none,all,1,default,2,45954,0.8110488226703415,0.4645693223332027,0.09416858851909637,0.107102170586586,28.7,0.8112898075706386,0.005720174082260443,0.4646615232416492,0.012987166325034407,0.42641843971631205,0.5228260869565218,0.36002994011976047,0.10224089635854341,0.7934782608695652,0.05464071856287425,0.01188707280832095,0.8,0.005988023952095809
yelp,SAGE,none,all,2,default,2,45954,0.8303935662280327,0.5067837797571153,0.10646713525056839,0.12236372381448746,28.6,0.8303036525725146,0.005446254277041583,0.5066728019808486,0.014094127745297608,0.45567375886524825,0.558695652173913,0.3847305389221557,0.1092436974789916,0.8478260869565217,0.058383233532934134,0.01337295690936107,0.9,0.006736526946107785
yelp,SAGE,none,all,3,default,2,45954,0.807187543827823,0.4698978070693469,0.08361591398715973,0.09552085399627686,28.7,0.8080720429798248,0.0055393787416945,0.472599385238949,0.01258117392698541,0.4237588652482269,0.5195652173913043,0.35778443113772457,0.1092436974789916,0.8478260869565217,0.058383233532934134,0.01337295690936107,0.9,0.006736526946107785
yelp,SAGE,layer,all,1,default,2,45954,0.845842730907838,0.5546551679777616,0.20120930671691895,0.24132534861564636,28.9,0.8458215144216499,0.005144520387351489,0.5547364452452553,0.01287188897465223,0.500886524822695,0.6141304347826086,0.42290419161676646,0.1134453781512605,0.8804347826086957,0.06062874251497006,0.014858841010401188,1.0,0.0074850299401197605
yelp,SAGE,layer,all,2,default,2,45954,0.8526212277583327,0.5805399281396556,0.22458110749721527,0.27887165546417236,28.9,0.8526161667065341,0.005381174935049936,0.5798594155872923,0.014253424219374906,0.5079787234042553,0.6228260869565218,0.42889221556886226,0.12184873949579832,0.9456521739130435,0.06511976047904192,0.014858841010401188,1.0,0.0074850299401197605
yelp,SAGE,layer,all,3,default,2,45954,0.8460517229288875,0.5669762872634985,0.1765661984682083,0.21650277078151703,29.0,0.8463742394073445,0.00531692075998331,0.5689864164252997,0.013618638734164301,0.5,0.6130434782608696,0.4221556886227545,0.11764705882352941,0.9130434782608695,0.06287425149700598,0.014858841010401188,1.0,0.0074850299401197605
yelp,SAGE,batch,all,1,default,2,45954,0.8720310937442832,0.6289816688047468,0.3194984793663025,0.41219156980514526,28.9,0.8721812851333297,0.00517001300253317,0.6293176330601741,0.011933356056895165,0.5478723404255319,0.6717391304347826,0.4625748502994012,0.12184873949579832,0.9456521739130435,0.06511976047904192,0.014858841010401188,1.0,0.0074850299401197605
yelp,SAGE,batch,all,2,default,2,45954,0.8782366847262705,0.6544794406521757,0.32972168922424316,0.4142823815345764,29.0,0.8779406379934146,0.005127490682192941,0.6540774176411177,0.01339851642300908,0.5709219858156028,0.7,0.4820359281437126,0.12745098039215685,0.9891304347826086,0.06811377245508982,0.014858841010401188,1.0,0.0074850299401197605
yelp,SAGE,batch,all,3,default,2,45954,0.8686497295632766,0.6355284208383412,0.2863878309726715,0.3699199855327606,29.2,0.868591046457845,0.004986679730752812,0.637107701202266,0.013170283746706457,0.5629432624113475,0.6902173913043478,0.4752994011976048,0.12324929971988796,0.9565217391304348,0.0658682634730539,0.014858841010401188,1.0,0.0074850299401197605
yelp,SAGE,graph,all,1,default,2,45954,0.87269665734722,0.6297386421634279,0.3184562027454376,0.4129849672317505,29.6,0.8729447410403369,0.005076162851677393,0.6301725661389885,0.012087280007843548,0.5478723404255319,0.6717391304347826,0.4625748502994012,0.12044817927170869,0.9347826086956522,0.06437125748502993,0.014858841010401188,1.0,0.0074850299401197605
yelp,SAGE,graph,all,2,default,2,45954,0.8781931427369294,0.6539827172936317,0.33014047145843506,0.4143706262111664,29.7,0.87788050140154,0.005022016134174948,0.6536697234838965,0.013284371691811798,0.5700354609929078,0.6989130434782609,0.4812874251497006,0.12745098039215685,0.9891304347826086,0.06811377245508982,0.014858841010401188,1.0,0.0074850299401197605
yelp,SAGE,graph,all,3,default,2,45954,0.8697006445357758,0.6402245211971989,0.2811182141304016,0.36584392189979553,29.6,0.8696693347664906,0.004989245600888751,0.6418994243559984,0.012804960820798097,0.5629432624113475,0.6902173913043478,0.4752994011976048,0.12605042016806722,0.9782608695652174,0.06736526946107785,0.014858841010401188,1.0,0.0074850299401197605
yelp,GCN,none,notest,1,default,2,36762,0.5850583233990267,0.19275792063410616,6.090893657528795e-05,0.005731372628360987,66.6,0.5857551513194227,0.007089680458488988,0.19357284771909966,0.007542228157949098,0.20301418439716312,0.24891304347826088,0.17140718562874252,0.0350140056022409,0.2717391304347826,0.0187125748502994,0.0014858841010401188,0.1,0.0007485029940119761
yelp,GCN,none,notest,2,default,2,36762,0.5772068071087967,0.1948585728617283,8.028677984839305e-05,0.00678305234760046,66.6,0.5755387140525208,0.009079927209112172,0.19437688502895628,0.008570313134558498,0.2154255319148936,0.26413043478260867,0.18188622754491018,0.037815126050420166,0.29347826086956524,0.020209580838323353,0.0029717682020802376,0.2,0.0014970059880239522
yelp,GCN,none,notest,3,default,2,36762,0.5880259910423552,0.19396058726608345,8.947183232521638e-05,0.006857904605567455,66.5,0.5872430197791934,0.008578666330809037,0.19476057780830225,0.007545646516924489,0.20035460992907803,0.24565217391304348,0.1691616766467066,0.037815126050420166,0.29347826086956524,0.020209580838323353,0.0,0.0,0.0
yelp,GCN,layer,notest,1,default,2,36762,0.5909191513866361,0.23033003203107288,0.00021065490727778524,0.017092550173401833,67.0,0.5917397565988141,0.007462409754274529,0.23196613581539757,0.010846780831966515,0.2349290780141844,0.28804347826086957,0.19835329341317365,0.06857942617214835,0.5268817204301075,0.036676646706586824,0.01188707280832095,0.8,0.005988023952095809
yelp,GCN,layer,notest,2,default,2,36762,0.6072227204196494,0.2410062633817182,0.0004253785009495914,0.03131702169775963,67.1,0.6052327387764501,0.008984570668136155,0.23903250076936647,0.011022131575744333,0.2429078014184397,0.29782608695652174,0.20508982035928144,0.0741777466759972,0.5698924731182796,0.03967065868263473,0.01188707280832095,0.8,0.005988023952095809
yelp,GCN,layer,notest,3,default,2,36762,0.6051648612144347,0.24309800613227464,0.00031279565882869065,0.0216464065015316,67.1,0.6047995383524942,0.008572678531445768,0.24446758655741463,0.011720643903999533,0.2473404255319149,0.3032608695652174,0.2088323353293413,0.06442577030812324,0.5,0.0344311377245509,0.014858841010401188,1.0,0.0074850299401197605
yelp,GCN,batch,notest,1,default,2,36762,0.6313378366739028,0.26450361225421026,0.018641255795955658,0.470931738615036,67.8,0.6310268582973546,0.007770511393954567,0.26553699547290216,0.011642155451475084,0.2570921985815603,0.31521739130434784,0.21706586826347304,0.0784313725490196,0.6086956521739131,0.041916167664670656,0.01337295690936107,0.9,0.006736526946107785
yelp,GCN,batch,notest,2,default,2,36762,0.6295080250649413,0.27446553267443874,0.019488105550408363,0.44675779342651367,67.9,0.6273648828442621,0.009333377839097918,0.27165513921500606,0.01270225415597244,0.25354609929078015,0.3108695652173913,0.21407185628742514,0.09663865546218488,0.75,0.051646706586826345,0.014858841010401188,1.0,0.0074850299401197605
yelp,GCN,batch,notest,3,default,2,36762,0.6302147963492567,0.27025353264610175,0.016672559082508087,0.4196074903011322,67.8,0.6293787432333402,0.00806058975309044,0.2714293441026238,0.012345433987773134,0.2641843971631206,0.3239130434782609,0.22305389221556887,0.08823529411764706,0.6847826086956522,0.04715568862275449,0.016320474777448073,0.9166666666666666,0.008233532934131737
yelp,GCN,graph,notest,1,default,2,36762,0.6348951314529799,0.26833424480719714,0.01795874908566475,0.42959803342819214,67.9,0.6347160085698571,0.007619164984960399,0.269697439384224,0.01171279154955469,0.26063829787234044,0.31956521739130433,0.22005988023952097,0.07703081232492998,0.5978260869565217,0.04116766467065868,0.01188707280832095,0.8,0.005988023952095809
yelp,GCN,graph,notest,2,default,2,36762,0.6422051359348512,0.2850106602287284,0.019366255030035973,0.3997475802898407,67.9,0.6402632798635074,0.009458782048043431,0.2822632630246507,0.01284726014306995,0.26684397163120566,0.32717391304347826,0.2252994011976048,0.09663865546218488,0.75,0.051646706586826345,0.014858841010401188,1.0,0.0074850299401197605
yelp,GCN,graph,notest,3,default,2,36762,0.6411213500951254,0.2831311371028178,0.015941936522722244,0.3885558247566223,67.9,0.6405017672071469,0.007914557855701939,0.2842760538166893,0.012534632862122133,0.2695035460992908,0.33043478260869563,0.2275449101796407,0.09103641456582633,0.7065217391304348,0.048652694610778445,0.014858841010401188,1.0,0.0074850299401197605
yelp,SAGE,none,notest,1,default,2,36762,0.8109328218562875,0.4643960583156068,0.09492625296115875,0.10792862623929977,28.5,0.8111717153406055,0.0057225581907029656,0.46448470804678477,0.01298179190340009,0.42641843971631205,0.5228260869565218,0.36002994011976047,0.10224089635854341,0.7934782608695652,0.05464071856287425,0.01188707280832095,0.8,0.005988023952095809
yelp,SAGE,none,notest,2,default,2,36762,0.8303977584545776,0.5069089452604256,0.10595002770423889,0.12181208282709122,28.5,0.8303056872833171,0.005445846115635801,0.5068015380288615,0.014113203153828378,0.45478723404255317,0.5576086956521739,0.38398203592814373,0.10784313725490197,0.8369565217391305,0.05763473053892216,0.01337295690936107,0.9,0.006736526946107785
yelp,SAGE,none,notest,3,default,2,36762,0.8071122266668292,0.46985553446929296,0.08342887461185455,0.095309779047966,28.5,0.8080016206358988,0.005536875534398727,0.4725482749258009,0.01256662671128148,0.424645390070922,0.5206521739130435,0.35853293413173654,0.11064425770308123,0.8586956521739131,0.05913173652694611,0.01337295690936107,0.9,0.006736526946107785
yelp,SAGE,layer,notest,1,default,2,36762,0.8459109022281303,0.5547421859330322,0.2020966112613678,0.24239405989646912,28.8,0.8458894058025486,0.00515016290850016,0.554819275948307,0.012879671424493075,0.500886524822695,0.6141304347826086,0.42290419161676646,0.1134453781512605,0.8804347826086957,0.06062874251497006,0.014858841010401188,1.0,0.0074850299401197605
yelp,SAGE,layer,notest,2,default,2,36762,0.8526188458114321,0.5813254832708947,0.22475598752498627,0.2791110873222351,28.7,0.8526221438106056,0.005379694689518612,0.5806853025832798,0.014268549341402929,0.5088652482269503,0.6239130434782608,0.4296407185628742,0.12184873949579832,0.9456521739130435,0.06511976047904192,0.014858841010401188,1.0,0.0074850299401197605
yelp,SAGE,layer,notest,3,default,2,36762,0.8461412841323462,0.5670911358487438,0.17713168263435364,0.21715430915355682,28.7,0.8464617672600976,0.005311837619543084,0.5691184932325188,0.013636410801873451,0.500886524822695,0.6141304347826086,0.42290419161676646,0.11764705882352941,0.9130434782608695,0.06287425149700598,0.014858841010401188,1.0,0.0074850299401197605
yelp,SAGE,batch,notest,1,default,2,36762,0.872177488200788,0.6293465289489935,0.3196719288825989,0.4122483432292938,29.7,0.8723268757281104,0.0051938950152769295,0.629708133577764,0.011988839648498473,0.5452127659574468,0.6684782608695652,0.46032934131736525,0.12184873949579832,0.9456521739130435,0.06511976047904192,0.014858841010401188,1.0,0.0074850299401197605
yelp,SAGE,batch,notest,2,default,2,36762,0.8781635589564252,0.6541694356236277,0.3295802175998688,0.414119690656662,29.6,0.8778650582224327,0.005111471623265906,0.653787330123266,0.013394534626589008,0.5700354609929078,0.6989130434782609,0.4812874251497006,0.12745098039215685,0.9891304347826086,0.06811377245508982,0.014858841010401188,1.0,0.0074850299401197605
yelp,SAGE,batch,notest,3,default,2,36762,0.8685170074819811,0.6352266069633169,0.28622764348983765,0.36965298652648926,29.6,0.8684532944581853,0.0049944853704529425,0.6368166978886027,0.013178621791390559,0.5620567375886525,0.6891304347826087,0.4745508982035928,0.12324929971988796,0.9565217391304348,0.0658682634730539,0.014858841010401188,1.0,0.0074850299401197605
yelp,SAGE,graph,notest,1,default,2,36762,0.8726457789614255,0.6299194800119918,0.3187079429626465,0.4131706655025482,29.8,0.8728959695412868,0.00506793790626989,0.6303619968604809,0.012060119912802739,0.5514184397163121,0.6760869565217391,0.4655688622754491,0.12044817927170869,0.9347826086956522,0.06437125748502993,0.014858841010401188,1.0,0.0074850299401197605
yelp,SAGE,graph,notest,2,default,2,36762,0.8781453132431675,0.6536947352132112,0.3302030861377716,0.41472938656806946,29.8,0.8778384801997252,0.0050251566419505815,0.6534268869359587,0.013307872128400771,0.5709219858156028,0.7,0.4820359281437126,0.12745098039215685,0.9891304347826086,0.06811377245508982,0.014858841010401188,1.0,0.0074850299401197605
yelp,SAGE,graph,notest,3,default,2,36762,0.8697047414844444,0.6405645376978961,0.28185534477233887,0.3666848838329315,29.7,0.8696736200543627,0.004990057809660779,0.6422122434503776,0.012774109516189775,0.5638297872340425,0.691304347826087,0.47604790419161674,0.12605042016806722,0.9782608695652174,0.06736526946107785,0.014858841010401188,1.0,0.0074850299401197605
